epoch,step,train/loss_epoch,train/loss_step,val/loss,val/psnr
0,49,,0.1997561901807785,,
0,99,,0.21505066752433777,,
0,149,,0.2020362913608551,,
0,199,,0.184025377035141,,
0,199,,,0.2079421579837799,12.664652824401855
0,199,0.21572932600975037,,,
1,249,,0.1643189787864685,,
1,299,,0.12061367928981781,,
1,349,,0.11366289854049683,,
1,399,,0.07024426758289337,,
1,399,,,0.08758766204118729,19.828540802001953
1,399,0.11230862885713577,,,
2,449,,0.08163001388311386,,
2,499,,0.06095155328512192,,
2,549,,0.08591979742050171,,
2,599,,0.054910436272621155,,
2,599,,,0.06564974039793015,21.64315414428711
2,599,0.08016348630189896,,,
3,649,,0.06429322063922882,,
3,699,,0.05522282049059868,,
3,749,,0.06915002316236496,,
3,799,,0.07444693148136139,,
3,799,,,0.05894612520933151,22.397464752197266
3,799,0.06619209051132202,,,
4,849,,0.06471031904220581,,
4,899,,0.04698517918586731,,
4,949,,0.07796136289834976,,
4,999,,0.05661202594637871,,
4,999,,,0.055736441165208817,22.676721572875977
4,999,0.06203081086277962,,,
5,1049,,0.03402222320437431,,
5,1099,,0.08280928432941437,,
5,1149,,0.07701349258422852,,
5,1199,,0.04956211894750595,,
5,1199,,,0.051399003714323044,23.16676902770996
5,1199,0.05907486379146576,,,
6,1249,,0.04360422119498253,,
6,1299,,0.04873273894190788,,
6,1349,,0.059075288474559784,,
6,1399,,0.060823895037174225,,
6,1399,,,0.05435118079185486,22.98400115966797
6,1399,0.0565454475581646,,,
7,1449,,0.07729576528072357,,
7,1499,,0.07266069203615189,,
7,1549,,0.058294087648391724,,
7,1599,,0.04580789804458618,,
7,1599,,,0.04811088740825653,23.5987491607666
7,1599,0.055333785712718964,,,
8,1649,,0.045527927577495575,,
8,1699,,0.04934285208582878,,
8,1749,,0.05208257958292961,,
8,1799,,0.05005752295255661,,
8,1799,,,0.04500574246048927,24.199085235595703
8,1799,0.05274160951375961,,,
9,1849,,0.06094694137573242,,
9,1899,,0.06588108837604523,,
9,1949,,0.06550507992506027,,
9,1999,,0.06305378675460815,,
9,1999,,,0.045194029808044434,24.044958114624023
9,1999,0.050331000238657,,,
10,2049,,0.04326355457305908,,
10,2099,,0.05161970481276512,,
10,2149,,0.05170920491218567,,
10,2199,,0.04560144990682602,,
10,2199,,,0.045014604926109314,24.45919418334961
10,2199,0.04908895492553711,,,
11,2249,,0.046437978744506836,,
11,2299,,0.04173225164413452,,
11,2349,,0.043542079627513885,,
11,2399,,0.033886633813381195,,
11,2399,,,0.0405137725174427,24.74972915649414
11,2399,0.04670507460832596,,,
12,2449,,0.03702017292380333,,
12,2499,,0.06945235282182693,,
12,2549,,0.059409793466329575,,
12,2599,,0.05303230136632919,,
12,2599,,,0.040667105466127396,24.79452896118164
12,2599,0.04649204760789871,,,
13,2649,,0.062447741627693176,,
13,2699,,0.046528637409210205,,
13,2749,,0.032628774642944336,,
13,2799,,0.043633751571178436,,
13,2799,,,0.03731917589902878,25.375396728515625
13,2799,0.04551387205719948,,,
14,2849,,0.02661585807800293,,
14,2899,,0.04934435337781906,,
14,2949,,0.05064614862203598,,
14,2999,,0.0387951135635376,,
14,2999,,,0.03775361180305481,25.326244354248047
14,2999,0.04357927292585373,,,
15,3049,,0.02836155891418457,,
15,3099,,0.06600966304540634,,
15,3149,,0.04247313737869263,,
15,3199,,0.041614942252635956,,
15,3199,,,0.03728877007961273,25.70223045349121
15,3199,0.04419701546430588,,,
16,3249,,0.03760280832648277,,
16,3299,,0.04987353831529617,,
16,3349,,0.03995632007718086,,
16,3399,,0.04374916851520538,,
16,3399,,,0.038882363587617874,25.158016204833984
16,3399,0.04168768972158432,,,
17,3449,,0.041395947337150574,,
17,3499,,0.04180680215358734,,
17,3549,,0.05512291193008423,,
17,3599,,0.04650560021400452,,
17,3599,,,0.036950334906578064,25.594385147094727
17,3599,0.040753114968538284,,,
18,3649,,0.037422068417072296,,
18,3699,,0.03092597983777523,,
18,3749,,0.0344635546207428,,
18,3799,,0.0388181172311306,,
18,3799,,,0.034690991044044495,26.080249786376953
18,3799,0.03904832899570465,,,
19,3849,,0.0271002184599638,,
19,3899,,0.03267782926559448,,
19,3949,,0.041183292865753174,,
19,3999,,0.025095436722040176,,
19,3999,,,0.03501198813319206,26.01006507873535
19,3999,0.040013574063777924,,,
20,4049,,0.03896026313304901,,
20,4099,,0.052712082862854004,,
20,4149,,0.04196512699127197,,
20,4199,,0.052754633128643036,,
20,4199,,,0.0336177684366703,26.157297134399414
20,4199,0.03930073603987694,,,
21,4249,,0.04633290693163872,,
21,4299,,0.0216382946819067,,
21,4349,,0.04244133085012436,,
21,4399,,0.031737543642520905,,
21,4399,,,0.033810630440711975,26.277996063232422
21,4399,0.0378178134560585,,,
22,4449,,0.044618140906095505,,
22,4499,,0.026449745520949364,,
22,4549,,0.04654121398925781,,
22,4599,,0.03639695420861244,,
22,4599,,,0.03194547817111015,26.77849769592285
22,4599,0.03628534451127052,,,
23,4649,,0.03919101879000664,,
23,4699,,0.04210888594388962,,
23,4749,,0.05026508495211601,,
23,4799,,0.02444331906735897,,
23,4799,,,0.0334758423268795,26.18967628479004
23,4799,0.0372200571000576,,,
24,4849,,0.040606655180454254,,
24,4899,,0.05155593156814575,,
24,4949,,0.04411878436803818,,
24,4999,,0.03411193564534187,,
24,4999,,,0.030999094247817993,26.9741268157959
24,4999,0.03701820969581604,,,
25,5049,,0.025444215163588524,,
25,5099,,0.03485667705535889,,
25,5149,,0.021567434072494507,,
25,5199,,0.03601502999663353,,
25,5199,,,0.03028975799679756,27.08771324157715
25,5199,0.03557346761226654,,,
26,5249,,0.029793918132781982,,
26,5299,,0.03534553200006485,,
26,5349,,0.035859741270542145,,
26,5399,,0.05756784602999687,,
26,5399,,,0.03132452443242073,27.010528564453125
26,5399,0.035493239760398865,,,
27,5449,,0.03641463443636894,,
27,5499,,0.035846415907144547,,
27,5549,,0.039821770042181015,,
27,5599,,0.036533065140247345,,
27,5599,,,0.03348398953676224,26.2370548248291
27,5599,0.03607141226530075,,,
28,5649,,0.03152501955628395,,
28,5699,,0.03313082456588745,,
28,5749,,0.05642368644475937,,
28,5799,,0.02895042859017849,,
28,5799,,,0.032191209495067596,26.854862213134766
28,5799,0.03577881306409836,,,
29,5849,,0.02054319903254509,,
29,5899,,0.05219278857111931,,
29,5949,,0.0423014871776104,,
29,5999,,0.03303617238998413,,
29,5999,,,0.030008429661393166,27.207427978515625
29,5999,0.0345747172832489,,,
30,6049,,0.03396426886320114,,
30,6099,,0.031458236277103424,,
30,6149,,0.027533531188964844,,
30,6199,,0.03329577296972275,,
30,6199,,,0.030491814017295837,26.960479736328125
30,6199,0.033668115735054016,,,
31,6249,,0.027042359113693237,,
31,6299,,0.0460541769862175,,
31,6349,,0.021388307213783264,,
31,6399,,0.0402713268995285,,
31,6399,,,0.02882799133658409,27.525278091430664
31,6399,0.034823428839445114,,,
32,6449,,0.028299910947680473,,
32,6499,,0.03412163257598877,,
32,6549,,0.04540632292628288,,
32,6599,,0.0284044798463583,,
32,6599,,,0.029003405943512917,27.4912166595459
32,6599,0.03385503962635994,,,
33,6649,,0.0442776083946228,,
33,6699,,0.03316037356853485,,
33,6749,,0.034118764102458954,,
33,6799,,0.04007032886147499,,
33,6799,,,0.02896248735487461,27.510051727294922
33,6799,0.033434007316827774,,,
34,6849,,0.02981714718043804,,
34,6899,,0.024688128381967545,,
34,6949,,0.022562623023986816,,
34,6999,,0.016180921345949173,,
34,6999,,,0.02911006286740303,27.58536720275879
34,6999,0.03361926227807999,,,
35,7049,,0.033478960394859314,,
35,7099,,0.025385703891515732,,
35,7149,,0.045518290251493454,,
35,7199,,0.05060334503650665,,
35,7199,,,0.028963541612029076,27.534353256225586
35,7199,0.033132296055555344,,,
36,7249,,0.03854751959443092,,
36,7299,,0.03671163320541382,,
36,7349,,0.03713999688625336,,
36,7399,,0.04054559767246246,,
36,7399,,,0.030024807900190353,27.216073989868164
36,7399,0.03192583844065666,,,
37,7449,,0.03851853311061859,,
37,7499,,0.0358966700732708,,
37,7549,,0.034325242042541504,,
37,7599,,0.0406109020113945,,
37,7599,,,0.028010303154587746,27.755428314208984
37,7599,0.03341400995850563,,,
38,7649,,0.02330656163394451,,
38,7699,,0.034290608018636703,,
38,7749,,0.041448839008808136,,
38,7799,,0.04065496847033501,,
38,7799,,,0.028478899970650673,27.687891006469727
38,7799,0.03306479752063751,,,
39,7849,,0.029938099905848503,,
39,7899,,0.025972362607717514,,
39,7949,,0.04455271363258362,,
39,7999,,0.030988916754722595,,
39,7999,,,0.027972165495157242,27.750463485717773
39,7999,0.03310791403055191,,,
40,8049,,0.021512357518076897,,
40,8099,,0.022836141288280487,,
40,8149,,0.03328150510787964,,
40,8199,,0.024073569104075432,,
40,8199,,,0.028742963448166847,27.699499130249023
40,8199,0.03212050348520279,,,
41,8249,,0.031074639409780502,,
41,8299,,0.02829071879386902,,
41,8349,,0.03823944926261902,,
41,8399,,0.03488771244883537,,
41,8399,,,0.027562815696001053,27.843914031982422
41,8399,0.031155891716480255,,,
42,8449,,0.036790162324905396,,
42,8499,,0.022071337327361107,,
42,8549,,0.033836040645837784,,
42,8599,,0.03191544860601425,,
42,8599,,,0.027515370398759842,27.967632293701172
42,8599,0.031161198392510414,,,
43,8649,,0.039308562874794006,,
43,8699,,0.032505638897418976,,
43,8749,,0.0456906259059906,,
43,8799,,0.03360188752412796,,
43,8799,,,0.027475889772176743,27.851903915405273
43,8799,0.03243241831660271,,,
44,8849,,0.02193049155175686,,
44,8899,,0.02834234945476055,,
44,8949,,0.026131078600883484,,
44,8999,,0.028417138382792473,,
44,8999,,,0.027459094300866127,27.975963592529297
44,8999,0.03091641701757908,,,
45,9049,,0.02411515824496746,,
45,9099,,0.022946681827306747,,
45,9149,,0.03447144478559494,,
45,9199,,0.029293810948729515,,
45,9199,,,0.026065438985824585,28.297500610351562
45,9199,0.03142329677939415,,,
46,9249,,0.03504159674048424,,
46,9299,,0.041150715202093124,,
46,9349,,0.027425002306699753,,
46,9399,,0.0387871116399765,,
46,9399,,,0.026726147159934044,28.044483184814453
46,9399,0.030728209763765335,,,
47,9449,,0.03901303932070732,,
47,9499,,0.029101476073265076,,
47,9549,,0.03861856460571289,,
47,9599,,0.03282386437058449,,
47,9599,,,0.026731913909316063,28.033588409423828
47,9599,0.030642203986644745,,,
48,9649,,0.021954327821731567,,
48,9699,,0.02965957298874855,,
48,9749,,0.03443703427910805,,
48,9799,,0.03374044597148895,,
48,9799,,,0.026053478941321373,28.378814697265625
48,9799,0.0315232016146183,,,
49,9849,,0.03127598017454147,,
49,9899,,0.030396122485399246,,
49,9949,,0.037355951964855194,,
49,9999,,0.028348088264465332,,
49,9999,,,0.026288533583283424,28.35239028930664
49,9999,0.029109688475728035,,,
50,10049,,0.03130136430263519,,
50,10099,,0.03065112791955471,,
50,10149,,0.0317203551530838,,
50,10199,,0.03590019792318344,,
50,10199,,,0.025543877854943275,28.56316566467285
50,10199,0.029630813747644424,,,
51,10249,,0.021352767944335938,,
51,10299,,0.03558606281876564,,
51,10349,,0.027904098853468895,,
51,10399,,0.02802044153213501,,
51,10399,,,0.026135187596082687,28.3330020904541
51,10399,0.02929147705435753,,,
52,10449,,0.018710436299443245,,
52,10499,,0.028261836618185043,,
52,10549,,0.02979574166238308,,
52,10599,,0.027715425938367844,,
52,10599,,,0.025955000892281532,28.492565155029297
52,10599,0.029888195917010307,,,
53,10649,,0.0256225373595953,,
53,10699,,0.040169261395931244,,
53,10749,,0.019901178777217865,,
53,10799,,0.03448078781366348,,
53,10799,,,0.026328647509217262,28.508869171142578
53,10799,0.028679650276899338,,,
54,10849,,0.029443761333823204,,
54,10899,,0.028617892414331436,,
54,10949,,0.039786092936992645,,
54,10999,,0.037702035158872604,,
54,10999,,,0.025547033175826073,28.49087142944336
54,10999,0.029163651168346405,,,
55,11049,,0.015758398920297623,,
55,11099,,0.02395079843699932,,
55,11149,,0.014886327087879181,,
55,11199,,0.022943561896681786,,
55,11199,,,0.024792775511741638,28.686630249023438
55,11199,0.028863457962870598,,,
56,11249,,0.024901609867811203,,
56,11299,,0.02783280238509178,,
56,11349,,0.034516364336013794,,
56,11399,,0.03842722624540329,,
56,11399,,,0.0255474541336298,28.51837730407715
56,11399,0.028676368296146393,,,
57,11449,,0.03215256705880165,,
57,11499,,0.03497837483882904,,
57,11549,,0.03164171054959297,,
57,11599,,0.02603846788406372,,
57,11599,,,0.024755358695983887,28.86748695373535
57,11599,0.02842104434967041,,,
58,11649,,0.04515016824007034,,
58,11699,,0.03541120886802673,,
58,11749,,0.022598763927817345,,
58,11799,,0.036007121205329895,,
58,11799,,,0.025035768747329712,28.76369857788086
58,11799,0.02893165498971939,,,
59,11849,,0.02113381028175354,,
59,11899,,0.029865188524127007,,
59,11949,,0.017897604033350945,,
59,11999,,0.042086731642484665,,
59,11999,,,0.02470981515944004,28.674890518188477
59,11999,0.02813367359340191,,,
60,12049,,0.02579209953546524,,
60,12099,,0.03198283165693283,,
60,12149,,0.023022495210170746,,
60,12199,,0.032210953533649445,,
60,12199,,,0.025204559788107872,28.600055694580078
60,12199,0.028471557423472404,,,
61,12249,,0.027367055416107178,,
61,12299,,0.02651984989643097,,
61,12349,,0.01529314648360014,,
61,12399,,0.022592289373278618,,
61,12399,,,0.024457445368170738,28.921802520751953
61,12399,0.027616316452622414,,,
62,12449,,0.034395523369312286,,
62,12499,,0.02815331146121025,,
62,12549,,0.023588670417666435,,
62,12599,,0.02014898881316185,,
62,12599,,,0.024312976747751236,28.8537654876709
62,12599,0.027835316956043243,,,
63,12649,,0.030715491622686386,,
63,12699,,0.020359257236123085,,
63,12749,,0.027932344004511833,,
63,12799,,0.022994142025709152,,
63,12799,,,0.024499502032995224,28.9077205657959
63,12799,0.028112292289733887,,,
64,12849,,0.029902998358011246,,
64,12899,,0.03305753692984581,,
64,12949,,0.034003403037786484,,
64,12999,,0.02476976066827774,,
64,12999,,,0.024437706917524338,28.995519638061523
64,12999,0.027565307915210724,,,
65,13049,,0.032548293471336365,,
65,13099,,0.03031604364514351,,
65,13149,,0.01871165633201599,,
65,13199,,0.03632206469774246,,
65,13199,,,0.024068009108304977,29.041351318359375
65,13199,0.02733403630554676,,,
66,13249,,0.022568589076399803,,
66,13299,,0.03128541633486748,,
66,13349,,0.019518747925758362,,
66,13399,,0.02281428501009941,,
66,13399,,,0.024023735895752907,29.038381576538086
66,13399,0.027745090425014496,,,
67,13449,,0.022969495505094528,,
67,13499,,0.013108271174132824,,
67,13549,,0.02720451168715954,,
67,13599,,0.030146483331918716,,
67,13599,,,0.025432756170630455,28.900930404663086
67,13599,0.02786794863641262,,,
68,13649,,0.024081623181700706,,
68,13699,,0.02605132758617401,,
68,13749,,0.03408762067556381,,
68,13799,,0.028781479224562645,,
68,13799,,,0.024502508342266083,28.978519439697266
68,13799,0.026798352599143982,,,
69,13849,,0.023402592167258263,,
69,13899,,0.03261907398700714,,
69,13949,,0.01305514108389616,,
69,13999,,0.03234370797872543,,
69,13999,,,0.023681199178099632,29.049072265625
69,13999,0.027073323726654053,,,
70,14049,,0.023612674325704575,,
70,14099,,0.02595302276313305,,
70,14149,,0.030080821365118027,,
70,14199,,0.028038479387760162,,
70,14199,,,0.023762686178088188,29.2489013671875
70,14199,0.02694050967693329,,,
71,14249,,0.026499848812818527,,
71,14299,,0.03341720998287201,,
71,14349,,0.032587841153144836,,
71,14399,,0.030801735818386078,,
71,14399,,,0.023773692548274994,29.16812515258789
71,14399,0.02734900265932083,,,
72,14449,,0.025649573653936386,,
72,14499,,0.016410425305366516,,
72,14549,,0.023298416286706924,,
72,14599,,0.02602398954331875,,
72,14599,,,0.023660484701395035,29.093643188476562
72,14599,0.027238648384809494,,,
73,14649,,0.020821698009967804,,
73,14699,,0.03417609632015228,,
73,14749,,0.027608295902609825,,
73,14799,,0.02581877075135708,,
73,14799,,,0.023595208302140236,29.22088623046875
73,14799,0.02663695625960827,,,
74,14849,,0.02698245272040367,,
74,14899,,0.031292255967855453,,
74,14949,,0.030730877071619034,,
74,14999,,0.030017731711268425,,
74,14999,,,0.024094704538583755,29.087865829467773
74,14999,0.02703082375228405,,,
75,15049,,0.027353346347808838,,
75,15099,,0.026839641854166985,,
75,15149,,0.027805184945464134,,
75,15199,,0.025944765657186508,,
75,15199,,,0.023587483912706375,29.331045150756836
75,15199,0.026061000302433968,,,
76,15249,,0.021475790068507195,,
76,15299,,0.024798041209578514,,
76,15349,,0.026914015412330627,,
76,15399,,0.03715677559375763,,
76,15399,,,0.023080293089151382,29.2968807220459
76,15399,0.026616845279932022,,,
77,15449,,0.016472777351737022,,
77,15499,,0.01361955888569355,,
77,15549,,0.022076286375522614,,
77,15599,,0.02693425491452217,,
77,15599,,,0.02318919263780117,29.382492065429688
77,15599,0.02597038820385933,,,
78,15649,,0.029218172654509544,,
78,15699,,0.02057269588112831,,
78,15749,,0.02924273908138275,,
78,15799,,0.02541409060359001,,
78,15799,,,0.022971659898757935,29.360193252563477
78,15799,0.026154987514019012,,,
79,15849,,0.023907635360956192,,
79,15899,,0.03545663505792618,,
79,15949,,0.01441694051027298,,
79,15999,,0.023591816425323486,,
79,15999,,,0.02312469109892845,29.40670394897461
79,15999,0.026588616892695427,,,
80,16049,,0.025557678192853928,,
80,16099,,0.0308267530053854,,
80,16149,,0.04521520063281059,,
80,16199,,0.014158716425299644,,
80,16199,,,0.023329541087150574,29.30556297302246
80,16199,0.025722621008753777,,,
81,16249,,0.02434356138110161,,
81,16299,,0.03578346595168114,,
81,16349,,0.021615922451019287,,
81,16399,,0.021386584267020226,,
81,16399,,,0.022724226117134094,29.433624267578125
81,16399,0.02555958554148674,,,
82,16449,,0.02544410154223442,,
82,16499,,0.03203456848859787,,
82,16549,,0.013977344147861004,,
82,16599,,0.01785852387547493,,
82,16599,,,0.022446995601058006,29.611703872680664
82,16599,0.025818319991230965,,,
83,16649,,0.03288235887885094,,
83,16699,,0.022466925904154778,,
83,16749,,0.02441844902932644,,
83,16799,,0.036777056753635406,,
83,16799,,,0.022204166278243065,29.689706802368164
83,16799,0.02487373538315296,,,
84,16849,,0.01244412176311016,,
84,16899,,0.011861028149724007,,
84,16949,,0.012900402769446373,,
84,16999,,0.031896695494651794,,
84,16999,,,0.022628869861364365,29.58815574645996
84,16999,0.02526457980275154,,,
85,17049,,0.03483884036540985,,
85,17099,,0.0278630368411541,,
85,17149,,0.032504141330718994,,
85,17199,,0.03417419642210007,,
85,17199,,,0.022707538679242134,29.568405151367188
85,17199,0.025393957272171974,,,
86,17249,,0.03241724893450737,,
86,17299,,0.022065630182623863,,
86,17349,,0.025910619646310806,,
86,17399,,0.028157657012343407,,
86,17399,,,0.023081010207533836,29.39345359802246
86,17399,0.024878159165382385,,,
87,17449,,0.036916881799697876,,
87,17499,,0.030360739678144455,,
87,17549,,0.02301267348229885,,
87,17599,,0.018808862194418907,,
87,17599,,,0.022314907982945442,29.545120239257812
87,17599,0.02529507875442505,,,
88,17649,,0.025504525750875473,,
88,17699,,0.03636225312948227,,
88,17749,,0.025526246055960655,,
88,17799,,0.023253262042999268,,
88,17799,,,0.02232322096824646,29.634471893310547
88,17799,0.02528619021177292,,,
89,17849,,0.01569238305091858,,
89,17899,,0.019563769921660423,,
89,17949,,0.02314447984099388,,
89,17999,,0.016703493893146515,,
89,17999,,,0.02356741949915886,29.33255958557129
89,17999,0.02473648637533188,,,
90,18049,,0.017351247370243073,,
90,18099,,0.028801169246435165,,
90,18149,,0.02350137196481228,,
90,18199,,0.01425771415233612,,
90,18199,,,0.02220943383872509,29.6402587890625
90,18199,0.025221895426511765,,,
91,18249,,0.02117280289530754,,
91,18299,,0.024166671559214592,,
91,18349,,0.027744561433792114,,
91,18399,,0.029549919068813324,,
91,18399,,,0.022806672379374504,29.48116683959961
91,18399,0.025392968207597733,,,
92,18449,,0.01767510175704956,,
92,18499,,0.024625321850180626,,
92,18549,,0.023604847490787506,,
92,18599,,0.018230250105261803,,
92,18599,,,0.021868228912353516,29.746990203857422
92,18599,0.02464323677122593,,,
93,18649,,0.034889720380306244,,
93,18699,,0.03001304529607296,,
93,18749,,0.0170285664498806,,
93,18799,,0.023856990039348602,,
93,18799,,,0.02178468182682991,29.841808319091797
93,18799,0.02484741434454918,,,
94,18849,,0.02988152764737606,,
94,18899,,0.020671363919973373,,
94,18949,,0.022381450980901718,,
94,18999,,0.02579745464026928,,
94,18999,,,0.022380370646715164,29.722183227539062
94,18999,0.024984179064631462,,,
95,19049,,0.03128495067358017,,
95,19099,,0.02368362993001938,,
95,19149,,0.03269612044095993,,
95,19199,,0.011433618143200874,,
95,19199,,,0.022015664726495743,29.735782623291016
95,19199,0.024470515549182892,,,
96,19249,,0.017505986616015434,,
96,19299,,0.03730569779872894,,
96,19349,,0.023902010172605515,,
96,19399,,0.026985540986061096,,
96,19399,,,0.02264544740319252,29.618337631225586
96,19399,0.025102226063609123,,,
97,19449,,0.02626369521021843,,
97,19499,,0.02623785100877285,,
97,19549,,0.020693056285381317,,
97,19599,,0.016772227361798286,,
97,19599,,,0.0215761698782444,29.89069175720215
97,19599,0.0245695598423481,,,
98,19649,,0.023334555327892303,,
98,19699,,0.018841838464140892,,
98,19749,,0.02019835263490677,,
98,19799,,0.029487505555152893,,
98,19799,,,0.022044045850634575,29.80877685546875
98,19799,0.024650948122143745,,,
99,19849,,0.016592100262641907,,
99,19899,,0.03561936318874359,,
99,19949,,0.022298388183116913,,
99,19999,,0.0302421897649765,,
99,19999,,,0.021613726392388344,29.908267974853516
99,19999,0.024347370490431786,,,
100,20049,,0.027501124888658524,,
100,20099,,0.025582339614629745,,
100,20149,,0.023906966671347618,,
100,20199,,0.0267610102891922,,
100,20199,,,0.02201675996184349,29.7477970123291
100,20199,0.024054117500782013,,,
101,20249,,0.02796490490436554,,
101,20299,,0.019212154671549797,,
101,20349,,0.022646993398666382,,
101,20399,,0.016411278396844864,,
101,20399,,,0.021916870027780533,29.833690643310547
101,20399,0.024271121248602867,,,
102,20449,,0.028074175119400024,,
102,20499,,0.019820798188447952,,
102,20549,,0.025337398052215576,,
102,20599,,0.025848403573036194,,
102,20599,,,0.02167985402047634,29.962833404541016
102,20599,0.024565432220697403,,,
103,20649,,0.019911112263798714,,
103,20699,,0.023791318759322166,,
103,20749,,0.012084029614925385,,
103,20799,,0.015706762671470642,,
103,20799,,,0.021460745483636856,29.99081802368164
103,20799,0.024780774489045143,,,
104,20849,,0.028964972123503685,,
104,20899,,0.022188885137438774,,
104,20949,,0.033565305173397064,,
104,20999,,0.01872546412050724,,
104,20999,,,0.02150125429034233,29.932498931884766
104,20999,0.02350962720811367,,,
105,21049,,0.02398880384862423,,
105,21099,,0.02912447229027748,,
105,21149,,0.0210490133613348,,
105,21199,,0.01991540752351284,,
105,21199,,,0.02150147035717964,29.985595703125
105,21199,0.02423616498708725,,,
106,21249,,0.021158311516046524,,
106,21299,,0.021254800260066986,,
106,21349,,0.029996681958436966,,
106,21399,,0.03195808827877045,,
106,21399,,,0.021363750100135803,30.018463134765625
106,21399,0.024108460173010826,,,
107,21449,,0.017175111919641495,,
107,21499,,0.02135176584124565,,
107,21549,,0.017915068194270134,,
107,21599,,0.022078171372413635,,
107,21599,,,0.021377764642238617,29.966079711914062
107,21599,0.023708555847406387,,,
108,21649,,0.030692584812641144,,
108,21699,,0.029961993917822838,,
108,21749,,0.028082892298698425,,
108,21799,,0.015255052596330643,,
108,21799,,,0.02174203284084797,29.952068328857422
108,21799,0.023932065814733505,,,
109,21849,,0.021158963441848755,,
109,21899,,0.025871258229017258,,
109,21949,,0.02306525968015194,,
109,21999,,0.028460709378123283,,
109,21999,,,0.021375486627221107,29.96230125427246
109,21999,0.02404596284031868,,,
110,22049,,0.014840275049209595,,
110,22099,,0.032911267131567,,
110,22149,,0.02038578875362873,,
110,22199,,0.02293456718325615,,
110,22199,,,0.02202874980866909,29.886728286743164
110,22199,0.023890631273388863,,,
111,22249,,0.023563742637634277,,
111,22299,,0.0300598107278347,,
111,22349,,0.01967167668044567,,
111,22399,,0.016974397003650665,,
111,22399,,,0.02117215469479561,30.068578720092773
111,22399,0.023267876356840134,,,
112,22449,,0.029143311083316803,,
112,22499,,0.01724109798669815,,
112,22549,,0.023859623819589615,,
112,22599,,0.032104380428791046,,
112,22599,,,0.02110963687300682,30.115386962890625
112,22599,0.02391107566654682,,,
113,22649,,0.03295385092496872,,
113,22699,,0.020382000133395195,,
113,22749,,0.013133624568581581,,
113,22799,,0.02877812646329403,,
113,22799,,,0.020868342369794846,30.16593360900879
113,22799,0.023341508582234383,,,
114,22849,,0.0207295473664999,,
114,22899,,0.02904686890542507,,
114,22949,,0.027375128120183945,,
114,22999,,0.02516094222664833,,
114,22999,,,0.020998168736696243,30.200817108154297
114,22999,0.023317305371165276,,,
115,23049,,0.02834242954850197,,
115,23099,,0.012044164352118969,,
115,23149,,0.030377265065908432,,
115,23199,,0.018458107486367226,,
115,23199,,,0.020878180861473083,30.163463592529297
115,23199,0.022361885756254196,,,
116,23249,,0.019771605730056763,,
116,23299,,0.022614847868680954,,
116,23349,,0.025611845776438713,,
116,23399,,0.025698339566588402,,
116,23399,,,0.02095150016248226,30.200916290283203
116,23399,0.023039136081933975,,,
117,23449,,0.0257033072412014,,
117,23499,,0.013817276805639267,,
117,23549,,0.019649118185043335,,
117,23599,,0.02706245705485344,,
117,23599,,,0.020676275715231895,30.261327743530273
117,23599,0.023080315440893173,,,
118,23649,,0.026894962415099144,,
118,23699,,0.029135849326848984,,
118,23749,,0.033391281962394714,,
118,23799,,0.022105006501078606,,
118,23799,,,0.0208133514970541,30.21257972717285
118,23799,0.023503592237830162,,,
119,23849,,0.02160385251045227,,
119,23899,,0.017093967646360397,,
119,23949,,0.02114257961511612,,
119,23999,,0.0225203987210989,,
119,23999,,,0.020679574459791183,30.225378036499023
119,23999,0.023108219727873802,,,
120,24049,,0.029636234045028687,,
120,24099,,0.025172468274831772,,
120,24149,,0.025154314935207367,,
120,24199,,0.01953110471367836,,
120,24199,,,0.020844629034399986,30.3137264251709
120,24199,0.02272677980363369,,,
121,24249,,0.01804601028561592,,
121,24299,,0.01883881725370884,,
121,24349,,0.021001264452934265,,
121,24399,,0.025745568796992302,,
121,24399,,,0.020536130294203758,30.29196548461914
121,24399,0.0230062548071146,,,
122,24449,,0.023879675194621086,,
122,24499,,0.02082619071006775,,
122,24549,,0.022047530859708786,,
122,24599,,0.028244828805327415,,
122,24599,,,0.021000079810619354,30.262859344482422
122,24599,0.022814152762293816,,,
123,24649,,0.015415284782648087,,
123,24699,,0.026512663811445236,,
123,24749,,0.02294798195362091,,
123,24799,,0.028326716274023056,,
123,24799,,,0.020932065322995186,30.233301162719727
123,24799,0.023594791069626808,,,
124,24849,,0.02553669735789299,,
124,24899,,0.016822701320052147,,
124,24949,,0.02774343267083168,,
124,24999,,0.019113169983029366,,
124,24999,,,0.020488213747739792,30.395061492919922
124,24999,0.02273978665471077,,,
125,25049,,0.034279026091098785,,
125,25099,,0.014841267839074135,,
125,25149,,0.01989014632999897,,
125,25199,,0.025556176900863647,,
125,25199,,,0.02075241133570671,30.28194808959961
125,25199,0.02275344356894493,,,
126,25249,,0.026272203773260117,,
126,25299,,0.016872910782694817,,
126,25349,,0.016493087634444237,,
126,25399,,0.02588781714439392,,
126,25399,,,0.020373854786157608,30.411468505859375
126,25399,0.02292182855308056,,,
127,25449,,0.018779471516609192,,
127,25499,,0.02437618002295494,,
127,25549,,0.02125769853591919,,
127,25599,,0.011576427146792412,,
127,25599,,,0.02062288112938404,30.31276512145996
127,25599,0.022652478888630867,,,
128,25649,,0.02579176053404808,,
128,25699,,0.02775084599852562,,
128,25749,,0.0175315011292696,,
128,25799,,0.019939463585615158,,
128,25799,,,0.02047579362988472,30.39017105102539
128,25799,0.0222915168851614,,,
129,25849,,0.030723676085472107,,
129,25899,,0.025127097964286804,,
129,25949,,0.019744873046875,,
129,25999,,0.02561992034316063,,
129,25999,,,0.020358232781291008,30.437091827392578
129,25999,0.02257305197417736,,,
130,26049,,0.022418394684791565,,
130,26099,,0.018429961055517197,,
130,26149,,0.024545297026634216,,
130,26199,,0.020527735352516174,,
130,26199,,,0.020340103656053543,30.48477554321289
130,26199,0.023048222064971924,,,
131,26249,,0.02646305412054062,,
131,26299,,0.021290946751832962,,
131,26349,,0.018341680988669395,,
131,26399,,0.018298503011465073,,
131,26399,,,0.02071019448339939,30.3402099609375
131,26399,0.022418951615691185,,,
132,26449,,0.02576613239943981,,
132,26499,,0.02467264235019684,,
132,26549,,0.012142863124608994,,
132,26599,,0.015423433855175972,,
132,26599,,,0.020399903878569603,30.416339874267578
132,26599,0.023139746859669685,,,
133,26649,,0.01724717579782009,,
133,26699,,0.024859216064214706,,
133,26749,,0.0238029807806015,,
133,26799,,0.026682794094085693,,
133,26799,,,0.020016979426145554,30.510019302368164
133,26799,0.022376900538802147,,,
134,26849,,0.021283192560076714,,
134,26899,,0.02193932794034481,,
134,26949,,0.022820133715867996,,
134,26999,,0.024264313280582428,,
134,26999,,,0.020576873794198036,30.393762588500977
134,26999,0.022501271218061447,,,
135,27049,,0.023269494995474815,,
135,27099,,0.04112663120031357,,
135,27149,,0.024274401366710663,,
135,27199,,0.020732363685965538,,
135,27199,,,0.021087180823087692,30.158987045288086
135,27199,0.024128133431077003,,,
136,27249,,0.017174160107970238,,
136,27299,,0.01469159685075283,,
136,27349,,0.02205260470509529,,
136,27399,,0.019649304449558258,,
136,27399,,,0.020171046257019043,30.4197998046875
136,27399,0.022442016750574112,,,
137,27449,,0.024019798263907433,,
137,27499,,0.021330153569579124,,
137,27549,,0.02095593512058258,,
137,27599,,0.02672000229358673,,
137,27599,,,0.020181093364953995,30.40289878845215
137,27599,0.023397153243422508,,,
138,27649,,0.03002285212278366,,
138,27699,,0.01794048398733139,,
138,27749,,0.020639639347791672,,
138,27799,,0.018384061753749847,,
138,27799,,,0.020305965095758438,30.403461456298828
138,27799,0.02224874496459961,,,
139,27849,,0.022757187485694885,,
139,27899,,0.03569559007883072,,
139,27949,,0.015794113278388977,,
139,27999,,0.01782778836786747,,
139,27999,,,0.01979357935488224,30.6085147857666
139,27999,0.021616637706756592,,,
140,28049,,0.019626764580607414,,
140,28099,,0.021065792068839073,,
140,28149,,0.026599816977977753,,
140,28199,,0.019051022827625275,,
140,28199,,,0.020631521940231323,30.383281707763672
140,28199,0.022258389741182327,,,
141,28249,,0.020203830674290657,,
141,28299,,0.02105451002717018,,
141,28349,,0.024302279576659203,,
141,28399,,0.01653306931257248,,
141,28399,,,0.020397836342453957,30.386432647705078
141,28399,0.02207379788160324,,,
142,28449,,0.029164304956793785,,
142,28499,,0.027544137090444565,,
142,28549,,0.018027810379862785,,
142,28599,,0.024082284420728683,,
142,28599,,,0.020132344216108322,30.510690689086914
142,28599,0.022423524409532547,,,
143,28649,,0.0203784741461277,,
143,28699,,0.02165357582271099,,
143,28749,,0.024415699765086174,,
143,28799,,0.03584051504731178,,
143,28799,,,0.019899243488907814,30.513721466064453
143,28799,0.022010216489434242,,,
144,28849,,0.02404896914958954,,
144,28899,,0.022238697856664658,,
144,28949,,0.0197080560028553,,
144,28999,,0.03272760659456253,,
144,28999,,,0.019716553390026093,30.63345718383789
144,28999,0.021186519414186478,,,
145,29049,,0.019643200561404228,,
145,29099,,0.019791416823863983,,
145,29149,,0.014819095842540264,,
145,29199,,0.02077649161219597,,
145,29199,,,0.019671916961669922,30.684717178344727
145,29199,0.022059177979826927,,,
146,29249,,0.01646607741713524,,
146,29299,,0.019735995680093765,,
146,29349,,0.01392456330358982,,
146,29399,,0.024413933977484703,,
146,29399,,,0.019739363342523575,30.6942195892334
146,29399,0.02192697674036026,,,
147,29449,,0.023953594267368317,,
147,29499,,0.021801283583045006,,
147,29549,,0.015416748821735382,,
147,29599,,0.024095632135868073,,
147,29599,,,0.0198737271130085,30.714054107666016
147,29599,0.022028150036931038,,,
148,29649,,0.030190419405698776,,
148,29699,,0.021756839007139206,,
148,29749,,0.018785741180181503,,
148,29799,,0.029896803200244904,,
148,29799,,,0.019953511655330658,30.61433982849121
148,29799,0.021959852427244186,,,
149,29849,,0.026117593050003052,,
149,29899,,0.01811913400888443,,
149,29949,,0.0204395093023777,,
149,29999,,0.019282512366771698,,
149,29999,,,0.019791098311543465,30.712238311767578
149,29999,0.02169346995651722,,,
150,30049,,0.02362653613090515,,
150,30099,,0.017066530883312225,,
150,30149,,0.015845797955989838,,
150,30199,,0.026418745517730713,,
150,30199,,,0.019517559558153152,30.733898162841797
150,30199,0.021977219730615616,,,
151,30249,,0.018442586064338684,,
151,30299,,0.033225417137145996,,
151,30349,,0.028986677527427673,,
151,30399,,0.012239787727594376,,
151,30399,,,0.019566180184483528,30.74175453186035
151,30399,0.022105755284428596,,,
152,30449,,0.017841873690485954,,
152,30499,,0.027546528726816177,,
152,30549,,0.02243959903717041,,
152,30599,,0.01843576692044735,,
152,30599,,,0.019671296700835228,30.700244903564453
152,30599,0.022122664377093315,,,
153,30649,,0.0278029702603817,,
153,30699,,0.025633618235588074,,
153,30749,,0.022035077214241028,,
153,30799,,0.02381451241672039,,
153,30799,,,0.01950041949748993,30.764963150024414
153,30799,0.021879034116864204,,,
154,30849,,0.023817863315343857,,
154,30899,,0.024316316470503807,,
154,30949,,0.012000657618045807,,
154,30999,,0.01931588724255562,,
154,30999,,,0.01951863430440426,30.795703887939453
154,30999,0.021787414327263832,,,
155,31049,,0.021144529804587364,,
155,31099,,0.025236930698156357,,
155,31149,,0.01890251785516739,,
155,31199,,0.027768440544605255,,
155,31199,,,0.019326336681842804,30.82863426208496
155,31199,0.022227687761187553,,,
156,31249,,0.013510584831237793,,
156,31299,,0.02351360395550728,,
156,31349,,0.015533111989498138,,
156,31399,,0.024055946618318558,,
156,31399,,,0.019720885902643204,30.6395320892334
156,31399,0.0215621180832386,,,
157,31449,,0.022526537999510765,,
157,31499,,0.00979623943567276,,
157,31549,,0.027543790638446808,,
157,31599,,0.024936482310295105,,
157,31599,,,0.019302669912576675,30.846349716186523
157,31599,0.021748941391706467,,,
158,31649,,0.027348384261131287,,
158,31699,,0.013717341236770153,,
158,31749,,0.025881245732307434,,
158,31799,,0.023975592106580734,,
158,31799,,,0.019443655386567116,30.803964614868164
158,31799,0.02184910699725151,,,
159,31849,,0.019820325076580048,,
159,31899,,0.023999249562621117,,
159,31949,,0.02068203315138817,,
159,31999,,0.021003227680921555,,
159,31999,,,0.019237635657191277,30.886489868164062
159,31999,0.021447954699397087,,,
160,32049,,0.01784696988761425,,
160,32099,,0.02586185559630394,,
160,32149,,0.017114782705903053,,
160,32199,,0.02279922366142273,,
160,32199,,,0.019315119832754135,30.85713768005371
160,32199,0.02188483625650406,,,
161,32249,,0.025667089968919754,,
161,32299,,0.01703701540827751,,
161,32349,,0.010661499574780464,,
161,32399,,0.02594715915620327,,
161,32399,,,0.019330788403749466,30.83820152282715
161,32399,0.021023288369178772,,,
162,32449,,0.018475331366062164,,
162,32499,,0.023526631295681,,
162,32549,,0.020780902355909348,,
162,32599,,0.02102554403245449,,
162,32599,,,0.01915035769343376,30.909320831298828
162,32599,0.021293923258781433,,,
163,32649,,0.022016724571585655,,
163,32699,,0.019041012972593307,,
163,32749,,0.020287152379751205,,
163,32799,,0.03236451745033264,,
163,32799,,,0.019284874200820923,30.84597396850586
163,32799,0.021289370954036713,,,
164,32849,,0.025926008820533752,,
164,32899,,0.0175147894769907,,
164,32949,,0.02191999927163124,,
164,32999,,0.027835210785269737,,
164,32999,,,0.019364558160305023,30.788660049438477
164,32999,0.02093607932329178,,,
165,33049,,0.020514143630862236,,
165,33099,,0.022045239806175232,,
165,33149,,0.023111840710043907,,
165,33199,,0.021552376449108124,,
165,33199,,,0.01938684657216072,30.819622039794922
165,33199,0.02062796987593174,,,
166,33249,,0.023113159462809563,,
166,33299,,0.01739160530269146,,
166,33349,,0.019594859331846237,,
166,33399,,0.016446799039840698,,
166,33399,,,0.01920281909406185,30.913854598999023
166,33399,0.020820284262299538,,,
167,33449,,0.022970985621213913,,
167,33499,,0.013723820447921753,,
167,33549,,0.01647174172103405,,
167,33599,,0.012334197759628296,,
167,33599,,,0.019330080598592758,30.883386611938477
167,33599,0.021235400810837746,,,
168,33649,,0.01829119212925434,,
168,33699,,0.019863860681653023,,
168,33749,,0.02406196855008602,,
168,33799,,0.02616209350526333,,
168,33799,,,0.019028175622224808,30.9697208404541
168,33799,0.021429793909192085,,,
169,33849,,0.024334615096449852,,
169,33899,,0.014619703404605389,,
169,33949,,0.012043748050928116,,
169,33999,,0.014767411164939404,,
169,33999,,,0.01910908706486225,30.933507919311523
169,33999,0.020832907408475876,,,
170,34049,,0.014683816581964493,,
170,34099,,0.02155154012143612,,
170,34149,,0.0183122381567955,,
170,34199,,0.01559492014348507,,
170,34199,,,0.019003454595804214,30.955677032470703
170,34199,0.021262336522340775,,,
171,34249,,0.011092616245150566,,
171,34299,,0.02857585996389389,,
171,34349,,0.020297758281230927,,
171,34399,,0.022898908704519272,,
171,34399,,,0.019213754683732986,30.94182777404785
171,34399,0.021141232922673225,,,
172,34449,,0.014807753264904022,,
172,34499,,0.025823703035712242,,
172,34549,,0.018624933436512947,,
172,34599,,0.01951540634036064,,
172,34599,,,0.019165849313139915,30.97159194946289
172,34599,0.021240437403321266,,,
173,34649,,0.020673466846346855,,
173,34699,,0.018748901784420013,,
173,34749,,0.017341073602437973,,
173,34799,,0.01617537997663021,,
173,34799,,,0.018932655453681946,31.01312255859375
173,34799,0.021071605384349823,,,
174,34849,,0.016500193625688553,,
174,34899,,0.013990728184580803,,
174,34949,,0.023974349722266197,,
174,34999,,0.022218916565179825,,
174,34999,,,0.01914525032043457,30.99306297302246
174,34999,0.02103077620267868,,,
175,35049,,0.02508734166622162,,
175,35099,,0.022973351180553436,,
175,35149,,0.021895118057727814,,
175,35199,,0.026783382520079613,,
175,35199,,,0.018901992589235306,31.01321029663086
175,35199,0.020615827292203903,,,
176,35249,,0.021129444241523743,,
176,35299,,0.021600082516670227,,
176,35349,,0.0248156376183033,,
176,35399,,0.01985584944486618,,
176,35399,,,0.01921229250729084,30.97784996032715
176,35399,0.02069523185491562,,,
177,35449,,0.01499878615140915,,
177,35499,,0.031566035002470016,,
177,35549,,0.022190231829881668,,
177,35599,,0.01864399015903473,,
177,35599,,,0.018860774114727974,31.027950286865234
177,35599,0.02157287299633026,,,
178,35649,,0.0192631334066391,,
178,35699,,0.013964872807264328,,
178,35749,,0.021626193076372147,,
178,35799,,0.017785700038075447,,
178,35799,,,0.01886959746479988,31.07062339782715
178,35799,0.021055329591035843,,,
179,35849,,0.018766013905405998,,
179,35899,,0.019018374383449554,,
179,35949,,0.024632832035422325,,
179,35999,,0.017945339903235435,,
179,35999,,,0.01877673715353012,31.056665420532227
179,35999,0.02114614099264145,,,
180,36049,,0.02155708335340023,,
180,36099,,0.012637387029826641,,
180,36149,,0.015036201104521751,,
180,36199,,0.021664336323738098,,
180,36199,,,0.01917048916220665,31.003005981445312
180,36199,0.02121136151254177,,,
181,36249,,0.020077044144272804,,
181,36299,,0.024322574958205223,,
181,36349,,0.02018614113330841,,
181,36399,,0.021716028451919556,,
181,36399,,,0.018827667459845543,31.097625732421875
181,36399,0.021142959594726562,,,
182,36449,,0.019801922142505646,,
182,36499,,0.021953623741865158,,
182,36549,,0.020346030592918396,,
182,36599,,0.024010850116610527,,
182,36599,,,0.018559707328677177,31.15166664123535
182,36599,0.020562561228871346,,,
183,36649,,0.011557313613593578,,
183,36699,,0.020498091354966164,,
183,36749,,0.017078028991818428,,
183,36799,,0.01781960390508175,,
183,36799,,,0.018693359568715096,31.11446189880371
183,36799,0.020909499377012253,,,
184,36849,,0.017177745699882507,,
184,36899,,0.018503231927752495,,
184,36949,,0.020798705518245697,,
184,36999,,0.02453537844121456,,
184,36999,,,0.0187519658356905,31.144210815429688
184,36999,0.020821288228034973,,,
185,37049,,0.021945267915725708,,
185,37099,,0.021465113386511803,,
185,37149,,0.024750221520662308,,
185,37199,,0.016490690410137177,,
185,37199,,,0.018595848232507706,31.140735626220703
185,37199,0.02081819251179695,,,
186,37249,,0.016879644244909286,,
186,37299,,0.019358649849891663,,
186,37349,,0.012003045529127121,,
186,37399,,0.023645274341106415,,
186,37399,,,0.018590163439512253,31.164108276367188
186,37399,0.020369544625282288,,,
187,37449,,0.021421849727630615,,
187,37499,,0.025861289352178574,,
187,37549,,0.025880664587020874,,
187,37599,,0.02239004150032997,,
187,37599,,,0.018676096573472023,31.08168601989746
187,37599,0.01981622353196144,,,
188,37649,,0.023008793592453003,,
188,37699,,0.009676970541477203,,
188,37749,,0.028146766126155853,,
188,37799,,0.022486601024866104,,
188,37799,,,0.018817080184817314,31.118749618530273
188,37799,0.02040538378059864,,,
189,37849,,0.02567218616604805,,
189,37899,,0.017897725105285645,,
189,37949,,0.018222367390990257,,
189,37999,,0.017322085797786713,,
189,37999,,,0.018632730469107628,31.0944881439209
189,37999,0.020319204777479172,,,
190,38049,,0.02491198480129242,,
190,38099,,0.022239049896597862,,
190,38149,,0.024631433188915253,,
190,38199,,0.02486579678952694,,
190,38199,,,0.01854044198989868,31.20159339904785
190,38199,0.020358998328447342,,,
191,38249,,0.026877565309405327,,
191,38299,,0.02847660705447197,,
191,38349,,0.021086720749735832,,
191,38399,,0.023612331598997116,,
191,38399,,,0.018510397523641586,31.173419952392578
191,38399,0.0198658537119627,,,
192,38449,,0.021907716989517212,,
192,38499,,0.021332111209630966,,
192,38549,,0.015606433153152466,,
192,38599,,0.020836275070905685,,
192,38599,,,0.018475133925676346,31.21432113647461
192,38599,0.01973750628530979,,,
193,38649,,0.02052876725792885,,
193,38699,,0.029274558648467064,,
193,38749,,0.022343112155795097,,
193,38799,,0.030825015157461166,,
193,38799,,,0.018391214311122894,31.207565307617188
193,38799,0.020359277725219727,,,
194,38849,,0.015253993682563305,,
194,38899,,0.017803257331252098,,
194,38949,,0.01987031102180481,,
194,38999,,0.021595314145088196,,
194,38999,,,0.018611053004860878,31.15347671508789
194,38999,0.020041493698954582,,,
195,39049,,0.02576255612075329,,
195,39099,,0.018135515972971916,,
195,39149,,0.017862727865576744,,
195,39199,,0.01786649599671364,,
195,39199,,,0.018531572073698044,31.169036865234375
195,39199,0.020162779837846756,,,
196,39249,,0.017819926142692566,,
196,39299,,0.023499276489019394,,
196,39349,,0.01710156723856926,,
196,39399,,0.020918063819408417,,
196,39399,,,0.018531348556280136,31.15988540649414
196,39399,0.01999019831418991,,,
197,39449,,0.024555694311857224,,
197,39499,,0.019092606380581856,,
197,39549,,0.014476772397756577,,
197,39599,,0.018912559375166893,,
197,39599,,,0.018399382010102272,31.256908416748047
197,39599,0.01978001371026039,,,
198,39649,,0.020797867327928543,,
198,39699,,0.01754009909927845,,
198,39749,,0.016780205070972443,,
198,39799,,0.01708221063017845,,
198,39799,,,0.018453840166330338,31.216304779052734
198,39799,0.020128538832068443,,,
199,39849,,0.020189616829156876,,
199,39899,,0.0130379069596529,,
199,39949,,0.0181119367480278,,
199,39999,,0.01940719038248062,,
199,39999,,,0.01842699572443962,31.213708877563477
199,39999,0.02017243579030037,,,
200,40049,,0.020179560407996178,,
200,40099,,0.018425140529870987,,
200,40149,,0.02205391228199005,,
200,40199,,0.016409341245889664,,
200,40199,,,0.01833607628941536,31.273534774780273
200,40199,0.01998385228216648,,,
201,40249,,0.022165995091199875,,
201,40299,,0.017847605049610138,,
201,40349,,0.018236786127090454,,
201,40399,,0.02853509411215782,,
201,40399,,,0.018423018977046013,31.19852638244629
201,40399,0.019981814548373222,,,
202,40449,,0.010930532589554787,,
202,40499,,0.024952908977866173,,
202,40549,,0.016388315707445145,,
202,40599,,0.025333460420370102,,
202,40599,,,0.018440959975123405,31.239147186279297
202,40599,0.020063776522874832,,,
203,40649,,0.022325512021780014,,
203,40699,,0.020564483478665352,,
203,40749,,0.01899787224829197,,
203,40799,,0.011845710687339306,,
203,40799,,,0.018578968942165375,31.202672958374023
203,40799,0.02008623629808426,,,
204,40849,,0.025657683610916138,,
204,40899,,0.020466912537813187,,
204,40949,,0.014514446258544922,,
204,40999,,0.018869273364543915,,
204,40999,,,0.01840675249695778,31.272741317749023
204,40999,0.019787898287177086,,,
205,41049,,0.012672310695052147,,
205,41099,,0.026014892384409904,,
205,41149,,0.018652867525815964,,
205,41199,,0.01837865635752678,,
205,41199,,,0.018447011709213257,31.174224853515625
205,41199,0.019775409251451492,,,
206,41249,,0.019358770921826363,,
206,41299,,0.018102921545505524,,
206,41349,,0.0181707926094532,,
206,41399,,0.02359306439757347,,
206,41399,,,0.018290793523192406,31.288631439208984
206,41399,0.02065780572593212,,,
207,41449,,0.01700589805841446,,
207,41499,,0.011760040186345577,,
207,41549,,0.02418575994670391,,
207,41599,,0.013392764143645763,,
207,41599,,,0.018259432166814804,31.312274932861328
207,41599,0.019784951582551003,,,
208,41649,,0.017217028886079788,,
208,41699,,0.02016705647110939,,
208,41749,,0.02126607857644558,,
208,41799,,0.02099761739373207,,
208,41799,,,0.01825004816055298,31.317068099975586
208,41799,0.019550122320652008,,,
209,41849,,0.026087898761034012,,
209,41899,,0.019380435347557068,,
209,41949,,0.023707231506705284,,
209,41999,,0.02240101248025894,,
209,41999,,,0.01821303367614746,31.311166763305664
209,41999,0.01945793256163597,,,
210,42049,,0.014626530930399895,,
210,42099,,0.021777037531137466,,
210,42149,,0.025319904088974,,
210,42199,,0.02056572400033474,,
210,42199,,,0.018085572868585587,31.37909507751465
210,42199,0.019953273236751556,,,
211,42249,,0.016443196684122086,,
211,42299,,0.012706451117992401,,
211,42349,,0.023318808525800705,,
211,42399,,0.023205142468214035,,
211,42399,,,0.01806790381669998,31.34160804748535
211,42399,0.01989276148378849,,,
212,42449,,0.019490288570523262,,
212,42499,,0.024143582209944725,,
212,42549,,0.021183907985687256,,
212,42599,,0.01622747629880905,,
212,42599,,,0.018197089433670044,31.308238983154297
212,42599,0.019584257155656815,,,
213,42649,,0.022414907813072205,,
213,42699,,0.02044852450489998,,
213,42749,,0.01284373365342617,,
213,42799,,0.01983516290783882,,
213,42799,,,0.01820570044219494,31.392162322998047
213,42799,0.01953941397368908,,,
214,42849,,0.018017850816249847,,
214,42899,,0.01940242201089859,,
214,42949,,0.014620548114180565,,
214,42999,,0.02453206107020378,,
214,42999,,,0.01816590502858162,31.381275177001953
214,42999,0.019629640504717827,,,
215,43049,,0.012804405763745308,,
215,43099,,0.019134197384119034,,
215,43149,,0.02824944630265236,,
215,43199,,0.020693231374025345,,
215,43199,,,0.018052957952022552,31.40679931640625
215,43199,0.019878366962075233,,,
216,43249,,0.026348501443862915,,
216,43299,,0.021793877705931664,,
216,43349,,0.02079213410615921,,
216,43399,,0.022340521216392517,,
216,43399,,,0.01806296780705452,31.4318904876709
216,43399,0.01959358900785446,,,
217,43449,,0.027352800592780113,,
217,43499,,0.011974632740020752,,
217,43549,,0.013942373916506767,,
217,43599,,0.020217489451169968,,
217,43599,,,0.018333714455366135,31.313385009765625
217,43599,0.019657492637634277,,,
218,43649,,0.017444252967834473,,
218,43699,,0.018285386264324188,,
218,43749,,0.029171844944357872,,
218,43799,,0.008612846955657005,,
218,43799,,,0.01811334863305092,31.372634887695312
218,43799,0.019485926255583763,,,
219,43849,,0.016289176419377327,,
219,43899,,0.025456145405769348,,
219,43949,,0.02029326744377613,,
219,43999,,0.022283658385276794,,
219,43999,,,0.018076524138450623,31.390844345092773
219,43999,0.020038507878780365,,,
220,44049,,0.01968398317694664,,
220,44099,,0.014177968725562096,,
220,44149,,0.025654152035713196,,
220,44199,,0.03271062299609184,,
220,44199,,,0.017908727750182152,31.442485809326172
220,44199,0.019641071557998657,,,
221,44249,,0.020519215613603592,,
221,44299,,0.015285498462617397,,
221,44349,,0.025834765285253525,,
221,44399,,0.02016708254814148,,
221,44399,,,0.018016761168837547,31.413122177124023
221,44399,0.019713735207915306,,,
222,44449,,0.01560298167169094,,
222,44499,,0.017631392925977707,,
222,44549,,0.020619351416826248,,
222,44599,,0.018116604536771774,,
222,44599,,,0.017871413379907608,31.457265853881836
222,44599,0.019212068989872932,,,
223,44649,,0.016712557524442673,,
223,44699,,0.015682095661759377,,
223,44749,,0.010694763623178005,,
223,44799,,0.015216059982776642,,
223,44799,,,0.01786419376730919,31.473424911499023
223,44799,0.019074557349085808,,,
224,44849,,0.016433103010058403,,
224,44899,,0.01639552041888237,,
224,44949,,0.01763351634144783,,
224,44999,,0.017664410173892975,,
224,44999,,,0.017852094024419785,31.480331420898438
224,44999,0.01912350207567215,,,
225,45049,,0.020861728116869926,,
225,45099,,0.023329611867666245,,
225,45149,,0.017143696546554565,,
225,45199,,0.02187829092144966,,
225,45199,,,0.017992574721574783,31.46854591369629
225,45199,0.019762108102440834,,,
226,45249,,0.015513471327722073,,
226,45299,,0.01717875897884369,,
226,45349,,0.015134705230593681,,
226,45399,,0.02032257616519928,,
226,45399,,,0.01782643236219883,31.511310577392578
226,45399,0.01907353475689888,,,
227,45449,,0.02049447037279606,,
227,45499,,0.020972928032279015,,
227,45549,,0.01158861629664898,,
227,45599,,0.014273568987846375,,
227,45599,,,0.017845481634140015,31.497909545898438
227,45599,0.019906306639313698,,,
228,45649,,0.022147338837385178,,
228,45699,,0.019625816494226456,,
228,45749,,0.01999301090836525,,
228,45799,,0.014733640477061272,,
228,45799,,,0.017760982736945152,31.52154541015625
228,45799,0.019644420593976974,,,
229,45849,,0.017467036843299866,,
229,45899,,0.013310350477695465,,
229,45949,,0.009706932120025158,,
229,45999,,0.021933093667030334,,
229,45999,,,0.017743388190865517,31.514446258544922
229,45999,0.01887001283466816,,,
230,46049,,0.026716098189353943,,
230,46099,,0.015501945279538631,,
230,46149,,0.019032984972000122,,
230,46199,,0.020029649138450623,,
230,46199,,,0.017749708145856857,31.517833709716797
230,46199,0.019172199070453644,,,
231,46249,,0.019430674612522125,,
231,46299,,0.017363494262099266,,
231,46349,,0.019496671855449677,,
231,46399,,0.019542282447218895,,
231,46399,,,0.017809374257922173,31.519311904907227
231,46399,0.01902049407362938,,,
232,46449,,0.031645581126213074,,
232,46499,,0.0116046704351902,,
232,46549,,0.014547820203006268,,
232,46599,,0.022679751738905907,,
232,46599,,,0.01773391291499138,31.554203033447266
232,46599,0.019301069900393486,,,
233,46649,,0.01892169937491417,,
233,46699,,0.017989370971918106,,
233,46749,,0.01887410134077072,,
233,46799,,0.020621100440621376,,
233,46799,,,0.017789524048566818,31.504562377929688
233,46799,0.0191038865596056,,,
234,46849,,0.01837410032749176,,
234,46899,,0.028241900727152824,,
234,46949,,0.022640548646450043,,
234,46999,,0.019610248506069183,,
234,46999,,,0.017788993194699287,31.50567626953125
234,46999,0.018815195187926292,,,
235,47049,,0.017919236794114113,,
235,47099,,0.013802913948893547,,
235,47149,,0.024357251822948456,,
235,47199,,0.01838337630033493,,
235,47199,,,0.017623474821448326,31.580785751342773
235,47199,0.019421054050326347,,,
236,47249,,0.01932838000357151,,
236,47299,,0.015205495059490204,,
236,47349,,0.019821740686893463,,
236,47399,,0.023138999938964844,,
236,47399,,,0.01762358285486698,31.596359252929688
236,47399,0.018763812258839607,,,
237,47449,,0.023436374962329865,,
237,47499,,0.016164377331733704,,
237,47549,,0.021139806136488914,,
237,47599,,0.020752571523189545,,
237,47599,,,0.01763918064534664,31.549793243408203
237,47599,0.019007578492164612,,,
238,47649,,0.02204720489680767,,
238,47699,,0.013568282127380371,,
238,47749,,0.013189438730478287,,
238,47799,,0.02228764072060585,,
238,47799,,,0.01767699047923088,31.585498809814453
238,47799,0.018994944170117378,,,
239,47849,,0.01871960237622261,,
239,47899,,0.017232555896043777,,
239,47949,,0.008010834455490112,,
239,47999,,0.02350018545985222,,
239,47999,,,0.017591439187526703,31.586994171142578
239,47999,0.018938438966870308,,,
240,48049,,0.02189125493168831,,
240,48099,,0.023350372910499573,,
240,48149,,0.021352950483560562,,
240,48199,,0.020440872758626938,,
240,48199,,,0.017681831493973732,31.592199325561523
240,48199,0.019498005509376526,,,
241,48249,,0.013672257773578167,,
241,48299,,0.0180731900036335,,
241,48349,,0.01929137483239174,,
241,48399,,0.015970230102539062,,
241,48399,,,0.017718249931931496,31.540063858032227
241,48399,0.019288046285510063,,,
242,48449,,0.02006114460527897,,
242,48499,,0.018445611000061035,,
242,48549,,0.024298254400491714,,
242,48599,,0.01683414727449417,,
242,48599,,,0.0175615381449461,31.616601943969727
242,48599,0.018647056072950363,,,
243,48649,,0.013027406297624111,,
243,48699,,0.02694319747388363,,
243,48749,,0.023203512653708458,,
243,48799,,0.014610037207603455,,
243,48799,,,0.017653614282608032,31.5560245513916
243,48799,0.018990278244018555,,,
244,48849,,0.01983802020549774,,
244,48899,,0.02927841991186142,,
244,48949,,0.022769417613744736,,
244,48999,,0.019887447357177734,,
244,48999,,,0.017448535189032555,31.68662452697754
244,48999,0.01923389360308647,,,
245,49049,,0.014514125883579254,,
245,49099,,0.01485513150691986,,
245,49149,,0.02432779222726822,,
245,49199,,0.018885083496570587,,
245,49199,,,0.017493125051259995,31.659465789794922
245,49199,0.018235519528388977,,,
246,49249,,0.02135166898369789,,
246,49299,,0.018593985587358475,,
246,49349,,0.017618907615542412,,
246,49399,,0.02446448802947998,,
246,49399,,,0.017514053732156754,31.634023666381836
246,49399,0.01896725408732891,,,
247,49449,,0.01984022557735443,,
247,49499,,0.02013450115919113,,
247,49549,,0.021752387285232544,,
247,49599,,0.014608065597712994,,
247,49599,,,0.01757805421948433,31.660579681396484
247,49599,0.018933536484837532,,,
248,49649,,0.024026311933994293,,
248,49699,,0.016218049451708794,,
248,49749,,0.012102390639483929,,
248,49799,,0.014151930809020996,,
248,49799,,,0.017477577552199364,31.666915893554688
248,49799,0.01838368922472,,,
249,49849,,0.0165451280772686,,
249,49899,,0.01946968026459217,,
249,49949,,0.019688641652464867,,
249,49999,,0.021448150277137756,,
249,49999,,,0.01764402911067009,31.592235565185547
249,49999,0.018953440710902214,,,
250,50049,,0.018437165766954422,,
250,50099,,0.009105237200856209,,
250,50149,,0.020531542599201202,,
250,50199,,0.018962182104587555,,
250,50199,,,0.017473841086030006,31.6667537689209
250,50199,0.018832532688975334,,,
251,50249,,0.016069455072283745,,
251,50299,,0.01648872159421444,,
251,50349,,0.02005350962281227,,
251,50399,,0.01878412812948227,,
251,50399,,,0.01748902164399624,31.708740234375
251,50399,0.018873775377869606,,,
252,50449,,0.01615050621330738,,
252,50499,,0.010848111473023891,,
252,50549,,0.015181741677224636,,
252,50599,,0.02372545748949051,,
252,50599,,,0.017450539395213127,31.683349609375
252,50599,0.018340066075325012,,,
253,50649,,0.01450357399880886,,
253,50699,,0.028325116261839867,,
253,50749,,0.018668143078684807,,
253,50799,,0.026990391314029694,,
253,50799,,,0.017426934093236923,31.681045532226562
253,50799,0.018569262698292732,,,
254,50849,,0.025871379300951958,,
254,50899,,0.025440460070967674,,
254,50949,,0.017861364409327507,,
254,50999,,0.01810535416007042,,
254,50999,,,0.01741844043135643,31.691431045532227
254,50999,0.01868532970547676,,,
255,51049,,0.020808367058634758,,
255,51099,,0.014280728064477444,,
255,51149,,0.014661933295428753,,
255,51199,,0.015029571950435638,,
255,51199,,,0.017382744699716568,31.71475601196289
255,51199,0.018383372575044632,,,
256,51249,,0.015630867332220078,,
256,51299,,0.02140326052904129,,
256,51349,,0.02087620459496975,,
256,51399,,0.02032904326915741,,
256,51399,,,0.017383012920618057,31.69403648376465
256,51399,0.018838629126548767,,,
257,51449,,0.013603975996375084,,
257,51499,,0.02120169624686241,,
257,51549,,0.017646891996264458,,
257,51599,,0.027764052152633667,,
257,51599,,,0.017370151355862617,31.735849380493164
257,51599,0.018804272636771202,,,
258,51649,,0.015565636567771435,,
258,51699,,0.02260482870042324,,
258,51749,,0.01854267716407776,,
258,51799,,0.011324411258101463,,
258,51799,,,0.017276432365179062,31.741573333740234
258,51799,0.01882825791835785,,,
259,51849,,0.020503506064414978,,
259,51899,,0.016889307647943497,,
259,51949,,0.019875342026352882,,
259,51999,,0.02283574268221855,,
259,51999,,,0.017374977469444275,31.73551368713379
259,51999,0.018677547574043274,,,
260,52049,,0.019769631326198578,,
260,52099,,0.016260582953691483,,
260,52149,,0.019494907930493355,,
260,52199,,0.01947636902332306,,
260,52199,,,0.01729033887386322,31.72787094116211
260,52199,0.018622569739818573,,,
261,52249,,0.021135477349162102,,
261,52299,,0.012304089963436127,,
261,52349,,0.014681844040751457,,
261,52399,,0.01689484901726246,,
261,52399,,,0.017259713262319565,31.748706817626953
261,52399,0.01856837421655655,,,
262,52449,,0.01938806101679802,,
262,52499,,0.01777813956141472,,
262,52549,,0.021932965144515038,,
262,52599,,0.016837304458022118,,
262,52599,,,0.01726534590125084,31.72796630859375
262,52599,0.018892088904976845,,,
263,52649,,0.022778388112783432,,
263,52699,,0.017402810975909233,,
263,52749,,0.018436161801218987,,
263,52799,,0.017911996692419052,,
263,52799,,,0.017296068370342255,31.72633934020996
263,52799,0.018611181527376175,,,
264,52849,,0.021004442125558853,,
264,52899,,0.01417529582977295,,
264,52949,,0.021235575899481773,,
264,52999,,0.01349782757461071,,
264,52999,,,0.017237748950719833,31.748371124267578
264,52999,0.018401646986603737,,,
265,53049,,0.01643497496843338,,
265,53099,,0.017696494236588478,,
265,53149,,0.022499263286590576,,
265,53199,,0.020139731466770172,,
265,53199,,,0.01720072142779827,31.821025848388672
265,53199,0.018345823511481285,,,
266,53249,,0.020377006381750107,,
266,53299,,0.020807622000575066,,
266,53349,,0.013809144496917725,,
266,53399,,0.011457483284175396,,
266,53399,,,0.017201373353600502,31.783498764038086
266,53399,0.018894456326961517,,,
267,53449,,0.012491336092352867,,
267,53499,,0.020073071122169495,,
267,53549,,0.023618411272764206,,
267,53599,,0.018853304907679558,,
267,53599,,,0.017207544296979904,31.776824951171875
267,53599,0.018187636509537697,,,
268,53649,,0.010876818560063839,,
268,53699,,0.01912607066333294,,
268,53749,,0.024157311767339706,,
268,53799,,0.022816529497504234,,
268,53799,,,0.01729961857199669,31.740306854248047
268,53799,0.01834109239280224,,,
269,53849,,0.018180016428232193,,
269,53899,,0.021551046520471573,,
269,53949,,0.022150181233882904,,
269,53999,,0.02040816657245159,,
269,53999,,,0.017328834161162376,31.747852325439453
269,53999,0.018792156130075455,,,
270,54049,,0.018940996378660202,,
270,54099,,0.02191697061061859,,
270,54149,,0.02304377406835556,,
270,54199,,0.01845899224281311,,
270,54199,,,0.0172447357326746,31.7614803314209
270,54199,0.018864067271351814,,,
271,54249,,0.019748374819755554,,
271,54299,,0.012434820644557476,,
271,54349,,0.013323429971933365,,
271,54399,,0.020497305318713188,,
271,54399,,,0.0171761903911829,31.80232810974121
271,54399,0.01887660101056099,,,
272,54449,,0.021723881363868713,,
272,54499,,0.01674535870552063,,
272,54549,,0.013995165936648846,,
272,54599,,0.02649129182100296,,
272,54599,,,0.017115820199251175,31.827747344970703
272,54599,0.01858142763376236,,,
273,54649,,0.025237571448087692,,
273,54699,,0.014065457507967949,,
273,54749,,0.016396980732679367,,
273,54799,,0.02268880233168602,,
273,54799,,,0.01712077483534813,31.823810577392578
273,54799,0.018517106771469116,,,
274,54849,,0.018695134669542313,,
274,54899,,0.016909418627619743,,
274,54949,,0.021525222808122635,,
274,54999,,0.01859164610505104,,
274,54999,,,0.017070885747671127,31.843042373657227
274,54999,0.01842670887708664,,,
275,55049,,0.025389306247234344,,
275,55099,,0.01576824113726616,,
275,55149,,0.020584650337696075,,
275,55199,,0.02070147544145584,,
275,55199,,,0.017080772668123245,31.841588973999023
275,55199,0.01816643588244915,,,
276,55249,,0.01859813742339611,,
276,55299,,0.019959259778261185,,
276,55349,,0.016789672896265984,,
276,55399,,0.014880741946399212,,
276,55399,,,0.017067473381757736,31.84430503845215
276,55399,0.018155550584197044,,,
277,55449,,0.022914588451385498,,
277,55499,,0.021765312179923058,,
277,55549,,0.01452649012207985,,
277,55599,,0.01582547277212143,,
277,55599,,,0.017094213515520096,31.83205223083496
277,55599,0.018965071067214012,,,
278,55649,,0.02751699648797512,,
278,55699,,0.015594063326716423,,
278,55749,,0.019844941794872284,,
278,55799,,0.016823962330818176,,
278,55799,,,0.017055893316864967,31.85256004333496
278,55799,0.018279647454619408,,,
279,55849,,0.016234073787927628,,
279,55899,,0.018214117735624313,,
279,55949,,0.017703350633382797,,
279,55999,,0.01552377175539732,,
279,55999,,,0.01701711118221283,31.866064071655273
279,55999,0.018578967079520226,,,
280,56049,,0.018627595156431198,,
280,56099,,0.021380756050348282,,
280,56149,,0.020369205623865128,,
280,56199,,0.02021745592355728,,
280,56199,,,0.017045840620994568,31.857757568359375
280,56199,0.018084583804011345,,,
281,56249,,0.02169899269938469,,
281,56299,,0.025174085050821304,,
281,56349,,0.01528291217982769,,
281,56399,,0.015661654993891716,,
281,56399,,,0.016991501674056053,31.87713050842285
281,56399,0.018405677750706673,,,
282,56449,,0.02447030507028103,,
282,56499,,0.02164319157600403,,
282,56549,,0.024996411055326462,,
282,56599,,0.014013752341270447,,
282,56599,,,0.017019037157297134,31.86562728881836
282,56599,0.01880018413066864,,,
283,56649,,0.012917345389723778,,
283,56699,,0.021582305431365967,,
283,56749,,0.026117434725165367,,
283,56799,,0.017560824751853943,,
283,56799,,,0.017054792493581772,31.856037139892578
283,56799,0.018339194357395172,,,
284,56849,,0.012103257700800896,,
284,56899,,0.01862470433115959,,
284,56949,,0.019419759511947632,,
284,56999,,0.019609160721302032,,
284,56999,,,0.0169590525329113,31.88671875
284,56999,0.018346169963479042,,,
285,57049,,0.01654042862355709,,
285,57099,,0.011112870648503304,,
285,57149,,0.019583124667406082,,
285,57199,,0.017969772219657898,,
285,57199,,,0.016992434859275818,31.8643741607666
285,57199,0.018677156418561935,,,
286,57249,,0.026137692853808403,,
286,57299,,0.02077442966401577,,
286,57349,,0.016476014629006386,,
286,57399,,0.01369844563305378,,
286,57399,,,0.016973240301012993,31.864910125732422
286,57399,0.01817600429058075,,,
287,57449,,0.024638939648866653,,
287,57499,,0.0194053016602993,,
287,57549,,0.017500396817922592,,
287,57599,,0.014127422124147415,,
287,57599,,,0.01694350317120552,31.89434242248535
287,57599,0.018402427434921265,,,
288,57649,,0.018525712192058563,,
288,57699,,0.01424398459494114,,
288,57749,,0.014701145701110363,,
288,57799,,0.026769530028104782,,
288,57799,,,0.016938555985689163,31.904621124267578
288,57799,0.01813184656202793,,,
289,57849,,0.020806293934583664,,
289,57899,,0.018963800743222237,,
289,57949,,0.0160924531519413,,
289,57999,,0.014449404552578926,,
289,57999,,,0.016954150050878525,31.87858009338379
289,57999,0.018045810982584953,,,
290,58049,,0.024527940899133682,,
290,58099,,0.015276497229933739,,
290,58149,,0.015076229348778725,,
290,58199,,0.01772279106080532,,
290,58199,,,0.01689273491501808,31.919885635375977
290,58199,0.018114257603883743,,,
291,58249,,0.01628631167113781,,
291,58299,,0.018322167918086052,,
291,58349,,0.016969958320260048,,
291,58399,,0.020632978528738022,,
291,58399,,,0.01702941581606865,31.8690185546875
291,58399,0.018224816769361496,,,
292,58449,,0.020466778427362442,,
292,58499,,0.022306865081191063,,
292,58549,,0.01595097966492176,,
292,58599,,0.017469031736254692,,
292,58599,,,0.016928520053625107,31.911907196044922
292,58599,0.017740489915013313,,,
293,58649,,0.018925845623016357,,
293,58699,,0.00962895154953003,,
293,58749,,0.01619676500558853,,
293,58799,,0.024031659588217735,,
293,58799,,,0.016948560252785683,31.92466163635254
293,58799,0.018041858449578285,,,
294,58849,,0.019634973257780075,,
294,58899,,0.014597921632230282,,
294,58949,,0.012130282819271088,,
294,58999,,0.022389255464076996,,
294,58999,,,0.0169233325868845,31.913970947265625
294,58999,0.01852257177233696,,,
295,59049,,0.010745059698820114,,
295,59099,,0.02028948813676834,,
295,59149,,0.021424639970064163,,
295,59199,,0.015465935692191124,,
295,59199,,,0.01705436408519745,31.89007568359375
295,59199,0.01802617870271206,,,
296,59249,,0.013998828828334808,,
296,59299,,0.01917813904583454,,
296,59349,,0.02401622198522091,,
296,59399,,0.018966101109981537,,
296,59399,,,0.01691797748208046,31.93130111694336
296,59399,0.018314875662326813,,,
297,59449,,0.020734939724206924,,
297,59499,,0.01843862235546112,,
297,59549,,0.010754114016890526,,
297,59599,,0.026209261268377304,,
297,59599,,,0.016853254288434982,31.92034339904785
297,59599,0.01798205077648163,,,
298,59649,,0.02348499558866024,,
298,59699,,0.0164655651897192,,
298,59749,,0.022693585604429245,,
298,59799,,0.020345592871308327,,
298,59799,,,0.016876157373189926,31.937637329101562
298,59799,0.017978081479668617,,,
299,59849,,0.020422443747520447,,
299,59899,,0.014778770506381989,,
299,59949,,0.013944098725914955,,
299,59999,,0.024470319971442223,,
299,59999,,,0.016856824979186058,31.961902618408203
299,59999,0.018160037696361542,,,
300,60049,,0.024643128737807274,,
300,60099,,0.014149399474263191,,
300,60149,,0.021438967436552048,,
300,60199,,0.023585913702845573,,
300,60199,,,0.01686476357281208,31.938304901123047
300,60199,0.01814582385122776,,,
301,60249,,0.019382620230317116,,
301,60299,,0.017592497169971466,,
301,60349,,0.017611384391784668,,
301,60399,,0.017363494262099266,,
301,60399,,,0.016823716461658478,31.967187881469727
301,60399,0.017910903319716454,,,
302,60449,,0.014187606982886791,,
302,60499,,0.014576144516468048,,
302,60549,,0.014654936268925667,,
302,60599,,0.019498564302921295,,
302,60599,,,0.016819089651107788,31.983383178710938
302,60599,0.01831732504069805,,,
303,60649,,0.02304830029606819,,
303,60699,,0.018952494487166405,,
303,60749,,0.016830049455165863,,
303,60799,,0.018630124628543854,,
303,60799,,,0.016805794090032578,31.9675235748291
303,60799,0.01835925504565239,,,
304,60849,,0.018468355759978294,,
304,60899,,0.020717013627290726,,
304,60949,,0.018230540677905083,,
304,60999,,0.021054502576589584,,
304,60999,,,0.016939301043748856,31.92364501953125
304,60999,0.01806708239018917,,,
305,61049,,0.015605010092258453,,
305,61099,,0.025430087000131607,,
305,61149,,0.01986045204102993,,
305,61199,,0.011174870654940605,,
305,61199,,,0.016818087548017502,31.978443145751953
305,61199,0.018358735367655754,,,
306,61249,,0.014835000038146973,,
306,61299,,0.02139340341091156,,
306,61349,,0.02016269788146019,,
306,61399,,0.013798540458083153,,
306,61399,,,0.016804497689008713,31.965688705444336
306,61399,0.018402349203824997,,,
307,61449,,0.02286752127110958,,
307,61499,,0.014134513214230537,,
307,61549,,0.017137467861175537,,
307,61599,,0.01606571488082409,,
307,61599,,,0.01677105762064457,31.979129791259766
307,61599,0.018125923350453377,,,
308,61649,,0.024677885696291924,,
308,61699,,0.017354076728224754,,
308,61749,,0.023548878729343414,,
308,61799,,0.02096327394247055,,
308,61799,,,0.016810724511742592,31.969030380249023
308,61799,0.01753045618534088,,,
309,61849,,0.020975228399038315,,
309,61899,,0.026873856782913208,,
309,61949,,0.02101137861609459,,
309,61999,,0.014984263107180595,,
309,61999,,,0.01677805557847023,31.99684715270996
309,61999,0.017468266189098358,,,
310,62049,,0.014707809314131737,,
310,62099,,0.020039720460772514,,
310,62149,,0.021154329180717468,,
310,62199,,0.023666873574256897,,
310,62199,,,0.016748692840337753,31.999217987060547
310,62199,0.017800699919462204,,,
311,62249,,0.020785560831427574,,
311,62299,,0.01582309976220131,,
311,62349,,0.02075832150876522,,
311,62399,,0.020057519897818565,,
311,62399,,,0.016767699271440506,31.987762451171875
311,62399,0.017748024314641953,,,
312,62449,,0.011064908467233181,,
312,62499,,0.009209751151502132,,
312,62549,,0.012982577085494995,,
312,62599,,0.017568089067935944,,
312,62599,,,0.016730625182390213,32.01164245605469
312,62599,0.018202118575572968,,,
313,62649,,0.01943172886967659,,
313,62699,,0.01657244935631752,,
313,62749,,0.01719064824283123,,
313,62799,,0.015922537073493004,,
313,62799,,,0.016824936494231224,31.972564697265625
313,62799,0.01784992404282093,,,
314,62849,,0.015918150544166565,,
314,62899,,0.025565605610609055,,
314,62949,,0.018790140748023987,,
314,62999,,0.02172374539077282,,
314,62999,,,0.01674479804933071,31.987131118774414
314,62999,0.017700741067528725,,,
315,63049,,0.016645580530166626,,
315,63099,,0.016839507967233658,,
315,63149,,0.017979200929403305,,
315,63199,,0.006512101739645004,,
315,63199,,,0.016710560768842697,32.00632095336914
315,63199,0.01771783083677292,,,
316,63249,,0.01170417945832014,,
316,63299,,0.01688729040324688,,
316,63349,,0.018199805170297623,,
316,63399,,0.015183891169726849,,
316,63399,,,0.016725614666938782,32.007320404052734
316,63399,0.01785445027053356,,,
317,63449,,0.012436924502253532,,
317,63499,,0.017328819260001183,,
317,63549,,0.02275025099515915,,
317,63599,,0.0177096426486969,,
317,63599,,,0.016736425459384918,32.01384735107422
317,63599,0.017913613468408585,,,
318,63649,,0.020154383033514023,,
318,63699,,0.011950882151722908,,
318,63749,,0.012912075035274029,,
318,63799,,0.02286996692419052,,
318,63799,,,0.016703354194760323,32.010459899902344
318,63799,0.017375003546476364,,,
319,63849,,0.019429069012403488,,
319,63899,,0.010334089398384094,,
319,63949,,0.012511573731899261,,
319,63999,,0.011973249725997448,,
319,63999,,,0.016688654199242592,32.02861785888672
319,63999,0.018005164340138435,,,
320,64049,,0.015267419628798962,,
320,64099,,0.014743372797966003,,
320,64149,,0.017860129475593567,,
320,64199,,0.017506472766399384,,
320,64199,,,0.01668638549745083,32.02748489379883
320,64199,0.01767733506858349,,,
321,64249,,0.015866359695792198,,
321,64299,,0.01732434146106243,,
321,64349,,0.023725852370262146,,
321,64399,,0.02296360395848751,,
321,64399,,,0.016694635152816772,32.021522521972656
321,64399,0.017673395574092865,,,
322,64449,,0.01660297065973282,,
322,64499,,0.01952536776661873,,
322,64549,,0.016703028231859207,,
322,64599,,0.010053800418972969,,
322,64599,,,0.016684167087078094,32.02620315551758
322,64599,0.01787152886390686,,,
323,64649,,0.018487650901079178,,
323,64699,,0.020918160676956177,,
323,64749,,0.02177211456000805,,
323,64799,,0.014933360740542412,,
323,64799,,,0.016671061515808105,32.03369903564453
323,64799,0.018434815108776093,,,
324,64849,,0.025326993316411972,,
324,64899,,0.015154441818594933,,
324,64949,,0.012770779430866241,,
324,64999,,0.0233843382447958,,
324,64999,,,0.016661902889609337,32.03715133666992
324,64999,0.018094580620527267,,,
325,65049,,0.016963060945272446,,
325,65099,,0.01494196429848671,,
325,65149,,0.021142538636922836,,
325,65199,,0.01636574976146221,,
325,65199,,,0.016663875430822372,32.030113220214844
325,65199,0.017977245151996613,,,
326,65249,,0.02407888136804104,,
326,65299,,0.015399916097521782,,
326,65349,,0.022167114540934563,,
326,65399,,0.02340177446603775,,
326,65399,,,0.01664678193628788,32.02967834472656
326,65399,0.018341276794672012,,,
327,65449,,0.023451000452041626,,
327,65499,,0.016970952972769737,,
327,65549,,0.018716901540756226,,
327,65599,,0.021991534158587456,,
327,65599,,,0.016670549288392067,32.033145904541016
327,65599,0.017770646139979362,,,
328,65649,,0.008340821601450443,,
328,65699,,0.017212044447660446,,
328,65749,,0.01953403279185295,,
328,65799,,0.016038592904806137,,
328,65799,,,0.016650091856718063,32.04280471801758
328,65799,0.018088633194565773,,,
329,65849,,0.018060244619846344,,
329,65899,,0.01598319597542286,,
329,65949,,0.018891921266913414,,
329,65999,,0.02183166705071926,,
329,65999,,,0.016648638993501663,32.04988479614258
329,65999,0.018168581649661064,,,
330,66049,,0.009844566695392132,,
330,66099,,0.022967299446463585,,
330,66149,,0.012170977890491486,,
330,66199,,0.01896357350051403,,
330,66199,,,0.016635119915008545,32.04351806640625
330,66199,0.017933286726474762,,,
331,66249,,0.008712166920304298,,
331,66299,,0.020853405818343163,,
331,66349,,0.013149313628673553,,
331,66399,,0.01868118718266487,,
331,66399,,,0.0166143961250782,32.05011749267578
331,66399,0.017662355676293373,,,
332,66449,,0.018867596983909607,,
332,66499,,0.015188634395599365,,
332,66549,,0.022023295983672142,,
332,66599,,0.02370823547244072,,
332,66599,,,0.01663811132311821,32.055335998535156
332,66599,0.01726832427084446,,,
333,66649,,0.013544133864343166,,
333,66699,,0.017410054802894592,,
333,66749,,0.021483436226844788,,
333,66799,,0.01432620920240879,,
333,66799,,,0.016625244170427322,32.05536651611328
333,66799,0.017601938918232918,,,
334,66849,,0.019569458439946175,,
334,66899,,0.017665516585111618,,
334,66949,,0.027595965191721916,,
334,66999,,0.019456833600997925,,
334,66999,,,0.01661095581948757,32.055015563964844
334,66999,0.017568020150065422,,,
335,67049,,0.014463111758232117,,
335,67099,,0.02272525243461132,,
335,67149,,0.011846791952848434,,
335,67199,,0.015712862834334373,,
335,67199,,,0.01664850488305092,32.03434371948242
335,67199,0.01782253570854664,,,
336,67249,,0.011839697137475014,,
336,67299,,0.017407959327101707,,
336,67349,,0.01751735247671604,,
336,67399,,0.01704898476600647,,
336,67399,,,0.016610104590654373,32.054603576660156
336,67399,0.017529787495732307,,,
337,67449,,0.019299423322081566,,
337,67499,,0.012820359319448471,,
337,67549,,0.021274765953421593,,
337,67599,,0.021314051002264023,,
337,67599,,,0.016594264656305313,32.07030487060547
337,67599,0.017327727749943733,,,
338,67649,,0.012253965251147747,,
338,67699,,0.018900152295827866,,
338,67749,,0.01326577179133892,,
338,67799,,0.015732988715171814,,
338,67799,,,0.01660250686109066,32.066062927246094
338,67799,0.017690332606434822,,,
339,67849,,0.020254598930478096,,
339,67899,,0.02390575408935547,,
339,67949,,0.01866651140153408,,
339,67999,,0.015719767659902573,,
339,67999,,,0.016601819545030594,32.07476043701172
339,67999,0.01793496683239937,,,
340,68049,,0.015180110931396484,,
340,68099,,0.02188417874276638,,
340,68149,,0.015255063772201538,,
340,68199,,0.010298087261617184,,
340,68199,,,0.016584916040301323,32.06897735595703
340,68199,0.017551258206367493,,,
341,68249,,0.012420741841197014,,
341,68299,,0.016704406589269638,,
341,68349,,0.020140834152698517,,
341,68399,,0.01818217895925045,,
341,68399,,,0.01658513769507408,32.07475662231445
341,68399,0.017502564936876297,,,
342,68449,,0.022069787606596947,,
342,68499,,0.019590094685554504,,
342,68549,,0.01429833471775055,,
342,68599,,0.018447859212756157,,
342,68599,,,0.016576042398810387,32.07705307006836
342,68599,0.01760086975991726,,,
343,68649,,0.014732114970684052,,
343,68699,,0.019787587225437164,,
343,68749,,0.01663120649755001,,
343,68799,,0.01649191416800022,,
343,68799,,,0.0165816992521286,32.07541275024414
343,68799,0.018005823716521263,,,
344,68849,,0.017925331369042397,,
344,68899,,0.02160438522696495,,
344,68949,,0.021816140040755272,,
344,68999,,0.02346247248351574,,
344,68999,,,0.016581358388066292,32.082420349121094
344,68999,0.017984546720981598,,,
345,69049,,0.02358761802315712,,
345,69099,,0.020429059863090515,,
345,69149,,0.010580027475953102,,
345,69199,,0.026909036561846733,,
345,69199,,,0.016564415767788887,32.08777618408203
345,69199,0.01728283241391182,,,
346,69249,,0.022817200049757957,,
346,69299,,0.016707688570022583,,
346,69349,,0.018015017732977867,,
346,69399,,0.019753161817789078,,
346,69399,,,0.01657012477517128,32.077762603759766
346,69399,0.01830410398542881,,,
347,69449,,0.019887804985046387,,
347,69499,,0.012885143980383873,,
347,69549,,0.012523509562015533,,
347,69599,,0.017985690385103226,,
347,69599,,,0.01656525582075119,32.07634735107422
347,69599,0.01786094903945923,,,
348,69649,,0.014684570953249931,,
348,69699,,0.011615533381700516,,
348,69749,,0.017618577927350998,,
348,69799,,0.01755274459719658,,
348,69799,,,0.016567323356866837,32.08256530761719
348,69799,0.01723995991051197,,,
349,69849,,0.010042991489171982,,
349,69899,,0.017108652740716934,,
349,69949,,0.026404960080981255,,
349,69999,,0.019187580794095993,,
349,69999,,,0.016545604914426804,32.08551025390625
349,69999,0.01770886965095997,,,
350,70049,,0.0174868181347847,,
350,70099,,0.02079482190310955,,
350,70149,,0.020945629104971886,,
350,70199,,0.024179544299840927,,
350,70199,,,0.01656505838036537,32.07577896118164
350,70199,0.01754649728536606,,,
351,70249,,0.02007921412587166,,
351,70299,,0.021554959937930107,,
351,70349,,0.017604056745767593,,
351,70399,,0.017902178689837456,,
351,70399,,,0.01655581034719944,32.0920524597168
351,70399,0.017273448407649994,,,
352,70449,,0.021913908421993256,,
352,70499,,0.0160598736256361,,
352,70549,,0.01901211403310299,,
352,70599,,0.02215072512626648,,
352,70599,,,0.016556590795516968,32.08790969848633
352,70599,0.017440583556890488,,,
353,70649,,0.014891157858073711,,
353,70699,,0.016851063817739487,,
353,70749,,0.01897560805082321,,
353,70799,,0.021686410531401634,,
353,70799,,,0.016541050747036934,32.09854507446289
353,70799,0.017348723486065865,,,
354,70849,,0.021085232496261597,,
354,70899,,0.015296472236514091,,
354,70949,,0.017363037914037704,,
354,70999,,0.016528887674212456,,
354,70999,,,0.01654326543211937,32.10020446777344
354,70999,0.017588507384061813,,,
355,71049,,0.022149723023176193,,
355,71099,,0.020440205931663513,,
355,71149,,0.015347542241215706,,
355,71199,,0.0211814995855093,,
355,71199,,,0.01654522493481636,32.08826446533203
355,71199,0.017448486760258675,,,
356,71249,,0.01641065999865532,,
356,71299,,0.019171519204974174,,
356,71349,,0.02006034180521965,,
356,71399,,0.025700127705931664,,
356,71399,,,0.01653164066374302,32.09409713745117
356,71399,0.017301587387919426,,,
357,71449,,0.019398245960474014,,
357,71499,,0.017478032037615776,,
357,71549,,0.015938742086291313,,
357,71599,,0.015830425545573235,,
357,71599,,,0.016550512984395027,32.08159637451172
357,71599,0.017289752140641212,,,
358,71649,,0.013046042993664742,,
358,71699,,0.020426467061042786,,
358,71749,,0.023127010092139244,,
358,71799,,0.02054821513593197,,
358,71799,,,0.016540545970201492,32.09838104248047
358,71799,0.01759594865143299,,,
359,71849,,0.026184331625699997,,
359,71899,,0.01576470024883747,,
359,71949,,0.012091394513845444,,
359,71999,,0.015268750488758087,,
359,71999,,,0.01653234288096428,32.09571075439453
359,71999,0.01777786575257778,,,
360,72049,,0.011801703833043575,,
360,72099,,0.013785505667328835,,
360,72149,,0.01101539097726345,,
360,72199,,0.015984931960701942,,
360,72199,,,0.01653614640235901,32.0921516418457
360,72199,0.01813128963112831,,,
361,72249,,0.017349403351545334,,
361,72299,,0.012626073323190212,,
361,72349,,0.02226008102297783,,
361,72399,,0.015921268612146378,,
361,72399,,,0.01653052307665348,32.09587097167969
361,72399,0.017675694078207016,,,
362,72449,,0.01779067888855934,,
362,72499,,0.009599898010492325,,
362,72549,,0.018197467550635338,,
362,72599,,0.014693922363221645,,
362,72599,,,0.016519535332918167,32.103179931640625
362,72599,0.017267251387238503,,,
363,72649,,0.00970720499753952,,
363,72699,,0.009069101884961128,,
363,72749,,0.011521324515342712,,
363,72799,,0.01719943806529045,,
363,72799,,,0.016527308151125908,32.10370635986328
363,72799,0.01756979525089264,,,
364,72849,,0.012261232361197472,,
364,72899,,0.023509373888373375,,
364,72949,,0.01039472408592701,,
364,72999,,0.012620626017451286,,
364,72999,,,0.016528073698282242,32.10057067871094
364,72999,0.0175539031624794,,,
365,73049,,0.013716462068259716,,
365,73099,,0.017958197742700577,,
365,73149,,0.01620424911379814,,
365,73199,,0.010826483368873596,,
365,73199,,,0.016528014093637466,32.10322952270508
365,73199,0.017888067290186882,,,
366,73249,,0.01903064362704754,,
366,73299,,0.011733435094356537,,
366,73349,,0.01641223020851612,,
366,73399,,0.008923309855163097,,
366,73399,,,0.01652800291776657,32.10277557373047
366,73399,0.017235610634088516,,,
367,73449,,0.01343267410993576,,
367,73499,,0.020007770508527756,,
367,73549,,0.013168662786483765,,
367,73599,,0.018666639924049377,,
367,73599,,,0.01651870273053646,32.107887268066406
367,73599,0.0174215380102396,,,
368,73649,,0.016223056241869926,,
368,73699,,0.018428977578878403,,
368,73749,,0.01593487523496151,,
368,73799,,0.011928590945899487,,
368,73799,,,0.016523689031600952,32.105674743652344
368,73799,0.01750478520989418,,,
369,73849,,0.014292741194367409,,
369,73899,,0.012395251542329788,,
369,73949,,0.01091710478067398,,
369,73999,,0.019676733762025833,,
369,73999,,,0.01651744171977043,32.108680725097656
369,73999,0.01697343960404396,,,
370,74049,,0.015101829543709755,,
370,74099,,0.01621430367231369,,
370,74149,,0.02145892009139061,,
370,74199,,0.019554954022169113,,
370,74199,,,0.01651371642947197,32.107810974121094
370,74199,0.017532916739583015,,,
371,74249,,0.018552131950855255,,
371,74299,,0.022459378466010094,,
371,74349,,0.015801910310983658,,
371,74399,,0.021972661837935448,,
371,74399,,,0.016508031636476517,32.110511779785156
371,74399,0.017920173704624176,,,
372,74449,,0.026698440313339233,,
372,74499,,0.01544710248708725,,
372,74549,,0.018654121086001396,,
372,74599,,0.013612432405352592,,
372,74599,,,0.0165098924189806,32.11051559448242
372,74599,0.017370928078889847,,,
373,74649,,0.017865058034658432,,
373,74699,,0.012191450223326683,,
373,74749,,0.02535763755440712,,
373,74799,,0.031168228015303612,,
373,74799,,,0.016510143876075745,32.10779571533203
373,74799,0.01758643053472042,,,
374,74849,,0.014919730834662914,,
374,74899,,0.013475101441144943,,
374,74949,,0.018358517438173294,,
374,74999,,0.012462466955184937,,
374,74999,,,0.016508281230926514,32.112003326416016
374,74999,0.017237722873687744,,,
375,75049,,0.025860052555799484,,
375,75099,,0.017297759652137756,,
375,75149,,0.020976584404706955,,
375,75199,,0.01888737827539444,,
375,75199,,,0.01650564931333065,32.10756301879883
375,75199,0.017807265743613243,,,
376,75249,,0.01124426256865263,,
376,75299,,0.019128141924738884,,
376,75349,,0.013275481760501862,,
376,75399,,0.01772884838283062,,
376,75399,,,0.016505835577845573,32.10881423950195
376,75399,0.01752506196498871,,,
377,75449,,0.016602057963609695,,
377,75499,,0.016793396323919296,,
377,75549,,0.02139129489660263,,
377,75599,,0.016077928245067596,,
377,75599,,,0.016509519889950752,32.11127471923828
377,75599,0.017612675204873085,,,
378,75649,,0.02122325822710991,,
378,75699,,0.01411108486354351,,
378,75749,,0.022265611216425896,,
378,75799,,0.019260086119174957,,
378,75799,,,0.016496825963258743,32.11908721923828
378,75799,0.017402779310941696,,,
379,75849,,0.01888161338865757,,
379,75899,,0.009994088672101498,,
379,75949,,0.020483169704675674,,
379,75999,,0.015265138819813728,,
379,75999,,,0.016500702127814293,32.115867614746094
379,75999,0.017772097140550613,,,
380,76049,,0.019050076603889465,,
380,76099,,0.01356132235378027,,
380,76149,,0.021543648093938828,,
380,76199,,0.014649970456957817,,
380,76199,,,0.01650374010205269,32.11034393310547
380,76199,0.017541317269206047,,,
381,76249,,0.017583614215254784,,
381,76299,,0.017009880393743515,,
381,76349,,0.02492297813296318,,
381,76399,,0.018027976155281067,,
381,76399,,,0.016498640179634094,32.11210632324219
381,76399,0.01743435114622116,,,
382,76449,,0.020243210718035698,,
382,76499,,0.017825832590460777,,
382,76549,,0.0220431387424469,,
382,76599,,0.019240785390138626,,
382,76599,,,0.01649864763021469,32.11597442626953
382,76599,0.017622660845518112,,,
383,76649,,0.02147701196372509,,
383,76699,,0.016009243205189705,,
383,76749,,0.017680590972304344,,
383,76799,,0.013255445286631584,,
383,76799,,,0.016499079763889313,32.11182403564453
383,76799,0.01705678179860115,,,
384,76849,,0.02222159132361412,,
384,76899,,0.013832639902830124,,
384,76949,,0.024443363770842552,,
384,76999,,0.023471657186746597,,
384,76999,,,0.016500551253557205,32.114017486572266
384,76999,0.017398102208971977,,,
385,77049,,0.02045939303934574,,
385,77099,,0.0264329444617033,,
385,77149,,0.018863141536712646,,
385,77199,,0.016146568581461906,,
385,77199,,,0.016497861593961716,32.11700439453125
385,77199,0.017381902784109116,,,
386,77249,,0.011570004746317863,,
386,77299,,0.019412606954574585,,
386,77349,,0.014845128171145916,,
386,77399,,0.012972122989594936,,
386,77399,,,0.01649964228272438,32.113563537597656
386,77399,0.01738043874502182,,,
387,77449,,0.016250941902399063,,
387,77499,,0.01700398698449135,,
387,77549,,0.014561197720468044,,
387,77599,,0.01589224487543106,,
387,77599,,,0.01650002971291542,32.113136291503906
387,77599,0.017129093408584595,,,
388,77649,,0.023783957585692406,,
388,77699,,0.01755913719534874,,
388,77749,,0.02060784213244915,,
388,77799,,0.019506826996803284,,
388,77799,,,0.01649918034672737,32.114383697509766
388,77799,0.01759735308587551,,,
389,77849,,0.01687966100871563,,
389,77899,,0.009401843883097172,,
389,77949,,0.01234452798962593,,
389,77999,,0.016555234789848328,,
389,77999,,,0.016498100012540817,32.115516662597656
389,77999,0.01763388141989708,,,
390,78049,,0.014159291051328182,,
390,78099,,0.014351810328662395,,
390,78149,,0.017928700894117355,,
390,78199,,0.011968935839831829,,
390,78199,,,0.01649768464267254,32.11580276489258
390,78199,0.017473865300416946,,,
391,78249,,0.018761763349175453,,
391,78299,,0.021734660491347313,,
391,78349,,0.02423563227057457,,
391,78399,,0.01691983826458454,,
391,78399,,,0.016500011086463928,32.1143798828125
391,78399,0.017611321061849594,,,
392,78449,,0.018870588392019272,,
392,78499,,0.01680293306708336,,
392,78549,,0.015099065378308296,,
392,78599,,0.013090280815958977,,
392,78599,,,0.016496829688549042,32.115028381347656
392,78599,0.017593415454030037,,,
393,78649,,0.01617465168237686,,
393,78699,,0.01605224609375,,
393,78749,,0.010561574250459671,,
393,78799,,0.010697189718484879,,
393,78799,,,0.01649763248860836,32.11531448364258
393,78799,0.01734306290745735,,,
394,78849,,0.019576918333768845,,
394,78899,,0.021364938467741013,,
394,78949,,0.015207432210445404,,
394,78999,,0.01047293096780777,,
394,78999,,,0.016497358679771423,32.11556625366211
394,78999,0.01766844466328621,,,
395,79049,,0.03251538425683975,,
395,79099,,0.021373465657234192,,
395,79149,,0.023531360551714897,,
395,79199,,0.0131226796656847,,
395,79199,,,0.016496988013386726,32.1163330078125
395,79199,0.017371300607919693,,,
396,79249,,0.019757822155952454,,
396,79299,,0.013203772716224194,,
396,79349,,0.015646692365407944,,
396,79399,,0.00784623995423317,,
396,79399,,,0.01649666391313076,32.11623764038086
396,79399,0.01784680038690567,,,
397,79449,,0.01450718566775322,,
397,79499,,0.01457027718424797,,
397,79549,,0.02105257660150528,,
397,79599,,0.022018086165189743,,
397,79599,,,0.01649676263332367,32.11616134643555
397,79599,0.017447466030716896,,,
398,79649,,0.009973356500267982,,
398,79699,,0.012866753153502941,,
398,79749,,0.02097240649163723,,
398,79799,,0.01799076795578003,,
398,79799,,,0.016496960073709488,32.11600112915039
398,79799,0.017790857702493668,,,
399,79849,,0.017049254849553108,,
399,79899,,0.019756464287638664,,
399,79949,,0.017307309433817863,,
399,79999,,0.018014639616012573,,
399,79999,,,0.01649698056280613,32.115928649902344
399,79999,0.017259914427995682,,,
